customer_fname,customer_lname,email,city,age,mobile,customer_since,loyalty_tier
Vivaan,Sharma,vivaan.sharma0@mail.com,Hyderabad,33,9321819600,2026-06-13,Bronze
Sai,Patel,sai.patel1@mail.com,Mumbai,56,9083863794,2026-01-24,Bronze
Aditya,Iyer,aditya.iyer2@mail.com,Hyderabad,35,9235116155,2026-01-02,Bronze
Rahul,Sharma,rahul.sharma3@mail.com,Pune,52,9161849593,2026-06-04,Bronze
Vivaan,Sharma,vivaan.sharma4@mail.com,Bengaluru,36,9131647525,2026-06-30,Bronze
Sai,Singh,sai.singh5@mail.com,Chennai,56,9283276483,2026-04-01,Bronze
Priya,Sharma,priya.sharma6@mail.com,Bengaluru,20,9564139537,2026-06-25,Bronze
Lakshmi,Gupta,lakshmi.gupta7@mail.com,Bengaluru,34,9238849696,2026-04-12,Bronze
Sai,Reddy,sai.reddy8@mail.com,Mumbai,49,9101226916,2026-04-03,Bronze
Arjun,Gupta,arjun.gupta9@mail.com,Mumbai,34,9801845146,2026-04-08,Bronze
Kiran,Sharma,kiran.sharma10@mail.com,Hyderabad,50,9281489325,2026-02-10,Bronze
Meera,Das,meera.das11@mail.com,Chennai,56,9570154303,2026-02-11,Bronze
Vivaan,Kumar,vivaan.kumar12@mail.com,Pune,22,9822782489,2026-05-26,Bronze
Sai,Das,sai.das13@mail.com,Bengaluru,63,9465787133,2026-04-19,Bronze
Priya,Sharma,priya.sharma14@mail.com,Mumbai,53,9393010310,2026-01-17,Bronze
Vivaan,Das,vivaan.das15@mail.com,Bengaluru,35,9738299737,2026-03-26,Bronze
Sai,Kumar,sai.kumar16@mail.com,Chennai,60,9656670106,2026-04-15,Bronze
Priya,Kumar,priya.kumar17@mail.com,Bengaluru,30,9387262473,2026-07-06,Bronze
Kiran,Das,kiran.das18@mail.com,Chennai,21,9801326773,2026-01-20,Bronze
Aarav,Reddy,aarav.reddy19@mail.com,Pune,18,9647468723,2026-04-13,Bronze
Sai,Sharma,sai.sharma20@mail.com,Mumbai,65,9805009788,2026-03-17,Bronze
Aarav,Das,aarav.das21@mail.com,Chennai,29,9191361939,2026-02-10,Bronze
Aarav,Joshi,aarav.joshi22@mail.com,Chennai,44,9998543534,2026-06-02,Bronze
Aditya,Singh,aditya.singh23@mail.com,Pune,38,9107991183,2026-04-12,Bronze
Rahul,Reddy,rahul.reddy24@mail.com,Hyderabad,22,9354278498,2026-05-10,Bronze
Lakshmi,Das,lakshmi.das25@mail.com,Hyderabad,60,9124118244,2026-01-03,Bronze
Sai,Nair,sai.nair26@mail.com,Bengaluru,61,9487401640,2026-06-04,Bronze
Priya,Reddy,priya.reddy27@mail.com,Hyderabad,28,9786801128,2026-01-01,Bronze
Priya,Joshi,priya.joshi28@mail.com,Mumbai,27,9620450533,2026-01-10,Bronze
Vivaan,Nair,vivaan.nair29@mail.com,Mumbai,44,9923226025,2026-06-20,Bronze
Lakshmi,Patel,lakshmi.patel30@mail.com,Hyderabad,28,9160733754,2026-04-16,Bronze
Sai,Sharma,sai.sharma31@mail.com,Bengaluru,43,9541458685,2026-02-28,Bronze
Vivaan,Singh,vivaan.singh32@mail.com,Bengaluru,55,9401965569,2026-01-08,Bronze
Vivaan,Iyer,vivaan.iyer33@mail.com,Mumbai,30,9406088356,2026-05-11,Bronze
Lakshmi,Nair,lakshmi.nair34@mail.com,Mumbai,38,9148465648,2026-01-18,Bronze
Sai,Iyer,sai.iyer35@mail.com,Pune,61,9299468044,2026-02-02,Bronze
Ananya,Joshi,ananya.joshi36@mail.com,Mumbai,59,9577738721,2026-02-23,Bronze
Meera,Joshi,meera.joshi37@mail.com,Hyderabad,23,9343320037,2026-03-14,Bronze
Vivaan,Gupta,vivaan.gupta38@mail.com,Pune,58,9936763201,2026-06-06,Bronze
Sai,Reddy,sai.reddy39@mail.com,Mumbai,47,9083172788,2026-04-19,Bronze
Priya,Gupta,priya.gupta40@mail.com,Mumbai,64,9868727743,2026-06-02,Bronze
Rahul,Das,rahul.das41@mail.com,Pune,58,9347143455,2026-06-13,Bronze
Vivaan,Reddy,vivaan.reddy42@mail.com,Bengaluru,32,9623166587,2026-05-19,Bronze
Aarav,Patel,aarav.patel43@mail.com,Pune,42,9909670546,2026-04-17,Bronze
Meera,Das,meera.das44@mail.com,Mumbai,32,9734670656,2026-04-18,Bronze
Aditya,Gupta,aditya.gupta45@mail.com,Bengaluru,57,9806990162,2026-07-05,Bronze
Aditya,Sharma,aditya.sharma46@mail.com,Hyderabad,42,9537556464,2026-04-29,Bronze
Kiran,Sharma,kiran.sharma47@mail.com,Mumbai,21,9531003309,2026-01-21,Bronze
Sai,Reddy,sai.reddy48@mail.com,Pune,60,9193745299,2026-02-09,Bronze
Sneha,Kumar,sneha.kumar49@mail.com,Bengaluru,37,9190496631,2026-07-11,Bronze
Sneha,Patel,sneha.patel50@mail.com,Chennai,62,9491905865,2026-06-01,Bronze
Meera,Nair,meera.nair51@mail.com,Chennai,44,9716572628,2026-01-18,Bronze
Rahul,Joshi,rahul.joshi52@mail.com,Mumbai,48,9769453147,2026-06-16,Bronze
Kiran,Joshi,kiran.joshi53@mail.com,Mumbai,60,9650752735,2026-03-04,Bronze
Priya,Singh,priya.singh54@mail.com,Mumbai,62,9480831367,2026-03-08,Bronze
Sai,Gupta,sai.gupta55@mail.com,Pune,46,9014363495,2026-05-23,Bronze
Meera,Das,meera.das56@mail.com,Hyderabad,45,9855744431,2026-05-02,Bronze
Sai,Nair,sai.nair57@mail.com,Chennai,65,9823374989,2026-07-04,Bronze
Vivaan,Patel,vivaan.patel58@mail.com,Hyderabad,32,9524082400,2026-03-14,Bronze
Rahul,Reddy,rahul.reddy59@mail.com,Pune,24,9094777520,2026-05-22,Bronze
Kiran,Kumar,kiran.kumar60@mail.com,Chennai,43,9719022941,2026-03-06,Bronze
Vivaan,Das,vivaan.das61@mail.com,Pune,56,9993867749,2026-03-05,Bronze
Rahul,Joshi,rahul.joshi62@mail.com,Mumbai,21,9913341232,2026-04-20,Bronze
Vivaan,Reddy,vivaan.reddy63@mail.com,Chennai,44,9797403447,2026-05-22,Bronze
Lakshmi,Patel,lakshmi.patel64@mail.com,Hyderabad,58,9936183242,2026-01-19,Bronze
Aarav,Reddy,aarav.reddy65@mail.com,Hyderabad,56,9947174648,2026-01-19,Bronze
Kiran,Gupta,kiran.gupta66@mail.com,Chennai,56,9065940139,2026-05-19,Bronze
Aarav,Singh,aarav.singh67@mail.com,Mumbai,20,9278742967,2026-05-31,Bronze
Kiran,Nair,kiran.nair68@mail.com,Pune,39,9512567468,2026-01-24,Bronze
Kiran,Kumar,kiran.kumar69@mail.com,Hyderabad,34,9516808760,2026-01-10,Bronze
Meera,Nair,meera.nair70@mail.com,Mumbai,49,9703482477,2026-02-18,Bronze
Aarav,Joshi,aarav.joshi71@mail.com,Bengaluru,63,9248086131,2026-02-01,Bronze
Vivaan,Reddy,vivaan.reddy72@mail.com,Pune,63,9484677378,2026-04-29,Bronze
Ananya,Patel,ananya.patel73@mail.com,Mumbai,50,9214658404,2026-02-07,Bronze
Rahul,Joshi,rahul.joshi74@mail.com,Mumbai,60,9727875588,2026-07-05,Bronze
Kiran,Nair,kiran.nair75@mail.com,Bengaluru,62,9396360576,2026-04-07,Bronze
Lakshmi,Reddy,lakshmi.reddy76@mail.com,Pune,20,9289517187,2026-04-09,Bronze
Sneha,Reddy,sneha.reddy77@mail.com,Pune,59,9217459615,2026-01-04,Bronze
Meera,Iyer,meera.iyer78@mail.com,Hyderabad,58,9780913431,2026-06-22,Bronze
Vivaan,Kumar,vivaan.kumar79@mail.com,Pune,28,9400504556,2026-04-22,Bronze
Sai,Das,sai.das80@mail.com,Pune,54,9222196937,2026-02-07,Bronze
Aditya,Patel,aditya.patel81@mail.com,Pune,58,9474074821,2026-05-30,Bronze
Priya,Joshi,priya.joshi82@mail.com,Hyderabad,58,9647436713,2026-04-24,Bronze
Arjun,Nair,arjun.nair83@mail.com,Mumbai,36,9406409097,2026-04-08,Bronze
Sai,Joshi,sai.joshi84@mail.com,Hyderabad,32,9394210470,2026-03-15,Bronze
Priya,Reddy,priya.reddy85@mail.com,Chennai,36,9562328588,2026-05-29,Bronze
Aditya,Singh,aditya.singh86@mail.com,Pune,36,9517123685,2026-03-11,Bronze
Ananya,Sharma,ananya.sharma87@mail.com,Hyderabad,52,9175496513,2026-01-24,Bronze
Aarav,Joshi,aarav.joshi88@mail.com,Mumbai,38,9931746120,2026-05-01,Bronze
Rahul,Gupta,rahul.gupta89@mail.com,Chennai,24,9382675869,2026-01-10,Bronze
Sneha,Reddy,sneha.reddy90@mail.com,Pune,59,9179640537,2026-07-10,Bronze
Sai,Nair,sai.nair91@mail.com,Chennai,61,9585064317,2026-04-24,Bronze
Lakshmi,Patel,lakshmi.patel92@mail.com,Mumbai,19,9053293183,2026-01-24,Bronze
Sai,Patel,sai.patel93@mail.com,Hyderabad,27,9904228421,2026-05-31,Bronze
Aarav,Reddy,aarav.reddy94@mail.com,Chennai,40,9395024026,2026-06-19,Bronze
Vivaan,Kumar,vivaan.kumar95@mail.com,Pune,46,9589178390,2026-05-15,Bronze
Lakshmi,Das,lakshmi.das96@mail.com,Hyderabad,47,9007661771,2026-07-06,Bronze
Priya,Joshi,priya.joshi97@mail.com,Bengaluru,22,9249985698,2026-01-21,Bronze
Kiran,Das,kiran.das98@mail.com,Mumbai,45,9118367365,2026-03-17,Bronze
Ananya,Iyer,ananya.iyer99@mail.com,Chennai,38,9654527111,2026-04-27,Bronze
Ananya,Kumar,ananya.kumar100@mail.com,Hyderabad,26,9809885165,2026-01-24,Bronze
Ananya,Sharma,ananya.sharma101@mail.com,Hyderabad,56,9451983273,2026-06-20,Bronze
Priya,Das,priya.das102@mail.com,Hyderabad,25,9493689980,2026-01-28,Bronze
Lakshmi,Singh,lakshmi.singh103@mail.com,Chennai,29,9445502296,2026-06-05,Bronze
Aditya,Sharma,aditya.sharma104@mail.com,Chennai,65,9836675254,2026-01-18,Bronze
Priya,Joshi,priya.joshi105@mail.com,Mumbai,23,9022901476,2026-07-04,Bronze
Arjun,Gupta,arjun.gupta106@mail.com,Pune,35,9381561497,2026-05-05,Bronze
Lakshmi,Singh,lakshmi.singh107@mail.com,Chennai,32,9690034324,2026-05-15,Bronze
Priya,Kumar,priya.kumar108@mail.com,Chennai,49,9622683885,2026-03-16,Bronze
Ananya,Sharma,ananya.sharma109@mail.com,Pune,19,9715969664,2026-01-19,Bronze
Ananya,Sharma,ananya.sharma110@mail.com,Hyderabad,28,9975161369,2026-01-30,Bronze
Meera,Kumar,meera.kumar111@mail.com,Pune,37,9535218188,2026-04-13,Bronze
Priya,Nair,priya.nair112@mail.com,Bengaluru,33,9124329212,2026-02-19,Bronze
Kiran,Gupta,kiran.gupta113@mail.com,Mumbai,55,9799552717,2026-06-10,Bronze
Lakshmi,Singh,lakshmi.singh114@mail.com,Hyderabad,55,9058147700,2026-04-24,Bronze
Rahul,Kumar,rahul.kumar115@mail.com,Chennai,57,9986798079,2026-04-05,Bronze
Sai,Nair,sai.nair116@mail.com,Mumbai,48,9820715182,2026-06-16,Bronze
Sai,Gupta,sai.gupta117@mail.com,Pune,51,9892554665,2026-01-11,Bronze
Arjun,Sharma,arjun.sharma118@mail.com,Hyderabad,22,9518644925,2026-06-23,Bronze
Arjun,Reddy,arjun.reddy119@mail.com,Hyderabad,37,9629148652,2026-01-21,Bronze
Sneha,Das,sneha.das120@mail.com,Chennai,59,9685054235,2026-06-21,Bronze
Sai,Patel,sai.patel121@mail.com,Bengaluru,27,9141888059,2026-05-05,Bronze
Arjun,Iyer,arjun.iyer122@mail.com,Bengaluru,28,9292706537,2026-02-03,Bronze
Rahul,Gupta,rahul.gupta123@mail.com,Bengaluru,52,9347359774,2026-06-06,Bronze
Meera,Das,meera.das124@mail.com,Pune,28,9392407581,2026-04-08,Bronze
Meera,Kumar,meera.kumar125@mail.com,Hyderabad,23,9247826137,2026-07-02,Bronze
Aarav,Iyer,aarav.iyer126@mail.com,Chennai,43,9853615305,2026-03-31,Bronze
Sneha,Nair,sneha.nair127@mail.com,Bengaluru,26,9047277901,2026-01-26,Bronze
Rahul,Patel,rahul.patel128@mail.com,Bengaluru,53,9986143410,2026-01-05,Bronze
Ananya,Joshi,ananya.joshi129@mail.com,Pune,22,9179808932,2026-03-03,Bronze
Ananya,Sharma,ananya.sharma130@mail.com,Mumbai,40,9396218518,2026-03-16,Bronze
Meera,Das,meera.das131@mail.com,Mumbai,19,9670654051,2026-05-20,Bronze
Sai,Kumar,sai.kumar132@mail.com,Mumbai,65,9520585277,2026-03-30,Bronze
Aditya,Reddy,aditya.reddy133@mail.com,Chennai,63,9704303054,2026-06-11,Bronze
Ananya,Das,ananya.das134@mail.com,Pune,34,9034505415,2026-05-12,Bronze
Ananya,Gupta,ananya.gupta135@mail.com,Pune,39,9277584161,2026-04-22,Bronze
Arjun,Reddy,arjun.reddy136@mail.com,Mumbai,36,9511544796,2026-04-21,Bronze
Sneha,Gupta,sneha.gupta137@mail.com,Hyderabad,46,9059640165,2026-02-12,Bronze
Sneha,Reddy,sneha.reddy138@mail.com,Chennai,27,9970213556,2026-05-12,Bronze
Aarav,Joshi,aarav.joshi139@mail.com,Bengaluru,61,9755719285,2026-05-26,Bronze
Priya,Singh,priya.singh140@mail.com,Bengaluru,25,9027868144,2026-04-12,Bronze
Kiran,Patel,kiran.patel141@mail.com,Mumbai,36,9731217271,2026-06-30,Bronze
Priya,Nair,priya.nair142@mail.com,Chennai,53,9844225831,2026-06-24,Bronze
Aditya,Patel,aditya.patel143@mail.com,Pune,19,9589578291,2026-02-21,Bronze
Rahul,Iyer,rahul.iyer144@mail.com,Pune,51,9669125177,2026-01-17,Bronze
Meera,Nair,meera.nair145@mail.com,Bengaluru,53,9922680182,2026-06-24,Bronze
Aditya,Reddy,aditya.reddy146@mail.com,Hyderabad,63,9358414384,2026-03-19,Bronze
Lakshmi,Singh,lakshmi.singh147@mail.com,Mumbai,52,9182992299,2026-02-02,Bronze
Arjun,Sharma,arjun.sharma148@mail.com,Chennai,23,9094396907,2026-03-28,Bronze
Meera,Singh,meera.singh149@mail.com,Hyderabad,48,9364710276,2026-06-10,Bronze
Kiran,Patel,kiran.patel150@mail.com,Hyderabad,56,9255562588,2026-05-04,Bronze
Priya,Patel,priya.patel151@mail.com,Pune,25,9473210469,2026-01-28,Bronze
Sai,Reddy,sai.reddy152@mail.com,Hyderabad,54,9532787747,2026-04-18,Bronze
Vivaan,Iyer,vivaan.iyer153@mail.com,Mumbai,47,9339500479,2026-01-06,Bronze
Lakshmi,Gupta,lakshmi.gupta154@mail.com,Hyderabad,52,9016245650,2026-06-17,Bronze
Aarav,Joshi,aarav.joshi155@mail.com,Mumbai,30,9584168784,2026-04-13,Bronze
Lakshmi,Joshi,lakshmi.joshi156@mail.com,Chennai,26,9165585239,2026-06-09,Bronze
Ananya,Das,ananya.das157@mail.com,Chennai,20,9025787298,2026-05-11,Bronze
Priya,Joshi,priya.joshi158@mail.com,Hyderabad,28,9694958887,2026-02-05,Bronze
Arjun,Singh,arjun.singh159@mail.com,Pune,19,9551694097,2026-07-01,Bronze
Lakshmi,Joshi,lakshmi.joshi160@mail.com,Mumbai,32,9097289623,2026-03-09,Bronze
Arjun,Kumar,arjun.kumar161@mail.com,Bengaluru,19,9756263689,2026-01-09,Bronze
Sneha,Sharma,sneha.sharma162@mail.com,Bengaluru,51,9385786527,2026-05-01,Bronze
Priya,Das,priya.das163@mail.com,Hyderabad,61,9497334843,2026-05-17,Bronze
Rahul,Patel,rahul.patel164@mail.com,Pune,38,9758441986,2026-03-18,Bronze
Priya,Reddy,priya.reddy165@mail.com,Hyderabad,20,9415747338,2026-04-12,Bronze
Meera,Singh,meera.singh166@mail.com,Bengaluru,24,9993308330,2026-03-11,Bronze
Ananya,Nair,ananya.nair167@mail.com,Pune,24,9208267734,2026-01-26,Bronze
Rahul,Sharma,rahul.sharma168@mail.com,Chennai,59,9938026206,2026-03-24,Bronze
Aditya,Singh,aditya.singh169@mail.com,Chennai,18,9499154788,2026-05-07,Bronze
Aditya,Das,aditya.das170@mail.com,Pune,35,9315274205,2026-05-07,Bronze
Arjun,Patel,arjun.patel171@mail.com,Bengaluru,57,9668516122,2026-03-17,Bronze
Priya,Patel,priya.patel172@mail.com,Chennai,34,9637454990,2026-05-03,Bronze
Lakshmi,Nair,lakshmi.nair173@mail.com,Bengaluru,21,9174268414,2026-03-08,Bronze
Arjun,Patel,arjun.patel174@mail.com,Bengaluru,26,9727956878,2026-04-05,Bronze
Sai,Patel,sai.patel175@mail.com,Mumbai,23,9878519108,2026-06-20,Bronze
Sai,Joshi,sai.joshi176@mail.com,Mumbai,27,9258713971,2026-05-10,Bronze
Kiran,Sharma,kiran.sharma177@mail.com,Pune,26,9867908740,2026-05-11,Bronze
Rahul,Sharma,rahul.sharma178@mail.com,Bengaluru,55,9106518017,2026-04-12,Bronze
Rahul,Iyer,rahul.iyer179@mail.com,Bengaluru,26,9656766182,2026-01-09,Bronze
Priya,Kumar,priya.kumar180@mail.com,Bengaluru,52,9682300478,2026-06-17,Bronze
Meera,Iyer,meera.iyer181@mail.com,Bengaluru,33,9752431069,2026-04-19,Bronze
Sai,Patel,sai.patel182@mail.com,Chennai,24,9907903067,2026-01-05,Bronze
Meera,Patel,meera.patel183@mail.com,Chennai,26,9843959953,2026-03-01,Bronze
Aditya,Das,aditya.das184@mail.com,Bengaluru,44,9440892687,2026-03-19,Bronze
Priya,Iyer,priya.iyer185@mail.com,Mumbai,38,9662462873,2026-01-13,Bronze
Rahul,Reddy,rahul.reddy186@mail.com,Pune,21,9866882634,2026-02-27,Bronze
Priya,Kumar,priya.kumar187@mail.com,Pune,41,9183046990,2026-02-22,Bronze
Sai,Joshi,sai.joshi188@mail.com,Mumbai,31,9735403317,2026-01-19,Bronze
Sneha,Joshi,sneha.joshi189@mail.com,Bengaluru,43,9385467854,2026-03-04,Bronze
Priya,Das,priya.das190@mail.com,Pune,47,9175355609,2026-03-08,Bronze
Sneha,Reddy,sneha.reddy191@mail.com,Chennai,34,9899642353,2026-02-26,Bronze
Arjun,Patel,arjun.patel192@mail.com,Pune,53,9547772522,2026-04-08,Bronze
Meera,Gupta,meera.gupta193@mail.com,Bengaluru,52,9080100623,2026-07-04,Bronze
Sneha,Reddy,sneha.reddy194@mail.com,Chennai,31,9875099770,2026-01-18,Bronze
Meera,Das,meera.das195@mail.com,Pune,18,9084840862,2026-01-02,Bronze
Vivaan,Das,vivaan.das196@mail.com,Bengaluru,33,9398454615,2026-01-28,Bronze
Kiran,Joshi,kiran.joshi197@mail.com,Bengaluru,62,9341016668,2026-04-14,Bronze
Aarav,Sharma,aarav.sharma198@mail.com,Bengaluru,23,9765918033,2026-05-02,Bronze
Arjun,Gupta,arjun.gupta199@mail.com,Hyderabad,20,9148902503,2026-06-27,Bronze
Aditya,Iyer,aditya.iyer200@mail.com,Chennai,37,9293968562,2026-05-31,Bronze
Sneha,Kumar,sneha.kumar201@mail.com,Mumbai,65,9501631599,2026-06-26,Bronze
Ananya,Nair,ananya.nair202@mail.com,Chennai,58,9477358662,2026-06-02,Bronze
Arjun,Iyer,arjun.iyer203@mail.com,Chennai,57,9431142626,2026-06-24,Bronze
Priya,Kumar,priya.kumar204@mail.com,Chennai,18,9475412126,2026-03-23,Bronze
Meera,Das,meera.das205@mail.com,Mumbai,44,9101581995,2026-04-25,Bronze
Aarav,Singh,aarav.singh206@mail.com,Pune,42,9183982622,2026-04-09,Bronze
Rahul,Singh,rahul.singh207@mail.com,Pune,27,9126464715,2026-03-10,Bronze
Sai,Gupta,sai.gupta208@mail.com,Mumbai,57,9371240659,2026-03-06,Bronze
Priya,Gupta,priya.gupta209@mail.com,Hyderabad,45,9924593752,2026-04-08,Bronze
Priya,Singh,priya.singh210@mail.com,Pune,54,9356465193,2026-04-12,Bronze
Meera,Reddy,meera.reddy211@mail.com,Mumbai,19,9737416724,2026-06-01,Bronze
Rahul,Reddy,rahul.reddy212@mail.com,Pune,42,9179796886,2026-03-03,Bronze
Aarav,Nair,aarav.nair213@mail.com,Mumbai,56,9113529096,2026-05-20,Bronze
Ananya,Kumar,ananya.kumar214@mail.com,Chennai,24,9438889937,2026-03-26,Bronze
Ananya,Gupta,ananya.gupta215@mail.com,Mumbai,62,9825071461,2026-04-06,Bronze
Sneha,Reddy,sneha.reddy216@mail.com,Hyderabad,37,9573875717,2026-01-30,Bronze
Sneha,Gupta,sneha.gupta217@mail.com,Hyderabad,22,9401051238,2026-07-04,Bronze
Meera,Reddy,meera.reddy218@mail.com,Hyderabad,53,9673622660,2026-02-14,Bronze
Arjun,Patel,arjun.patel219@mail.com,Pune,55,9660334191,2026-07-08,Bronze
Aditya,Nair,aditya.nair220@mail.com,Hyderabad,30,9714785969,2026-05-18,Bronze
Arjun,Kumar,arjun.kumar221@mail.com,Hyderabad,40,9792499125,2026-04-11,Bronze
Sai,Singh,sai.singh222@mail.com,Chennai,29,9528669296,2026-01-31,Bronze
Aditya,Gupta,aditya.gupta223@mail.com,Mumbai,62,9282742257,2026-04-19,Bronze
Aarav,Nair,aarav.nair224@mail.com,Chennai,49,9236887676,2026-06-08,Bronze
Kiran,Gupta,kiran.gupta225@mail.com,Bengaluru,23,9903404384,2026-07-01,Bronze
Kiran,Joshi,kiran.joshi226@mail.com,Pune,53,9819148580,2026-02-13,Bronze
Kiran,Das,kiran.das227@mail.com,Bengaluru,45,9134074517,2026-07-04,Bronze
Sai,Patel,sai.patel228@mail.com,Mumbai,62,9596292330,2026-01-31,Bronze
Priya,Das,priya.das229@mail.com,Hyderabad,56,9825449481,2026-05-26,Bronze
Ananya,Sharma,ananya.sharma230@mail.com,Hyderabad,59,9223253672,2026-02-04,Bronze
Lakshmi,Singh,lakshmi.singh231@mail.com,Pune,42,9711684577,2026-05-28,Bronze
Arjun,Sharma,arjun.sharma232@mail.com,Chennai,64,9751863637,2026-03-25,Bronze
Priya,Singh,priya.singh233@mail.com,Hyderabad,53,9929750017,2026-03-10,Bronze
Vivaan,Reddy,vivaan.reddy234@mail.com,Pune,47,9063242415,2026-01-05,Bronze
Vivaan,Nair,vivaan.nair235@mail.com,Bengaluru,21,9643611037,2026-03-06,Bronze
Aditya,Joshi,aditya.joshi236@mail.com,Bengaluru,51,9700516271,2026-01-20,Bronze
Ananya,Kumar,ananya.kumar237@mail.com,Chennai,24,9554262218,2026-02-28,Bronze
Aarav,Joshi,aarav.joshi238@mail.com,Bengaluru,46,9532697311,2026-05-25,Bronze
Vivaan,Joshi,vivaan.joshi239@mail.com,Pune,40,9652341389,2026-02-05,Bronze
Sneha,Joshi,sneha.joshi240@mail.com,Hyderabad,62,9043898364,2026-06-03,Bronze
Aarav,Patel,aarav.patel241@mail.com,Pune,42,9137918055,2026-06-15,Bronze
Ananya,Joshi,ananya.joshi242@mail.com,Pune,41,9827109104,2026-02-03,Bronze
Aarav,Sharma,aarav.sharma243@mail.com,Pune,50,9486661889,2026-02-25,Bronze
Rahul,Kumar,rahul.kumar244@mail.com,Hyderabad,23,9832856914,2026-02-09,Bronze
Ananya,Patel,ananya.patel245@mail.com,Chennai,33,9161799042,2026-06-28,Bronze
Aarav,Reddy,aarav.reddy246@mail.com,Chennai,28,9758842524,2026-01-31,Bronze
Vivaan,Sharma,vivaan.sharma247@mail.com,Hyderabad,45,9481491778,2026-07-07,Bronze
Aarav,Gupta,aarav.gupta248@mail.com,Mumbai,28,9524191380,2026-04-03,Bronze
Aarav,Patel,aarav.patel249@mail.com,Chennai,48,9562208635,2026-01-12,Bronze
Ananya,Nair,ananya.nair250@mail.com,Hyderabad,22,9951802380,2026-03-05,Bronze
Vivaan,Gupta,vivaan.gupta251@mail.com,Hyderabad,37,9518705349,2026-04-13,Bronze
Sneha,Joshi,sneha.joshi252@mail.com,Bengaluru,47,9597383206,2026-03-19,Bronze
Sai,Das,sai.das253@mail.com,Hyderabad,58,9050641383,2026-01-07,Bronze
Kiran,Sharma,kiran.sharma254@mail.com,Bengaluru,63,9410386571,2026-04-18,Bronze
Vivaan,Das,vivaan.das255@mail.com,Bengaluru,58,9619906234,2026-05-29,Bronze
Priya,Iyer,priya.iyer256@mail.com,Hyderabad,38,9743132912,2026-03-08,Bronze
Aditya,Gupta,aditya.gupta257@mail.com,Pune,38,9618537474,2026-01-28,Bronze
Vivaan,Reddy,vivaan.reddy258@mail.com,Hyderabad,63,9903521356,2026-01-31,Bronze
Aarav,Singh,aarav.singh259@mail.com,Hyderabad,29,9067883171,2026-05-12,Bronze
Vivaan,Sharma,vivaan.sharma260@mail.com,Chennai,32,9236519941,2026-02-05,Bronze
Vivaan,Patel,vivaan.patel261@mail.com,Pune,26,9151070296,2026-01-06,Bronze
Ananya,Gupta,ananya.gupta262@mail.com,Chennai,42,9625324472,2026-07-05,Bronze
Arjun,Joshi,arjun.joshi263@mail.com,Mumbai,33,9476870146,2026-01-09,Bronze
Ananya,Patel,ananya.patel264@mail.com,Mumbai,33,9806578759,2026-02-05,Bronze
Priya,Iyer,priya.iyer265@mail.com,Hyderabad,29,9059304078,2026-05-09,Bronze
Arjun,Patel,arjun.patel266@mail.com,Bengaluru,24,9334803965,2026-04-02,Bronze
Aditya,Patel,aditya.patel267@mail.com,Mumbai,38,9590599293,2026-02-14,Bronze
Meera,Singh,meera.singh268@mail.com,Bengaluru,49,9010393087,2026-05-07,Bronze
Priya,Joshi,priya.joshi269@mail.com,Bengaluru,26,9525002921,2026-01-01,Bronze
Priya,Kumar,priya.kumar270@mail.com,Hyderabad,63,9691545226,2026-05-15,Bronze
Kiran,Nair,kiran.nair271@mail.com,Bengaluru,63,9895392644,2026-06-13,Bronze
Aditya,Sharma,aditya.sharma272@mail.com,Mumbai,43,9902959391,2026-02-02,Bronze
Aditya,Nair,aditya.nair273@mail.com,Chennai,33,9552157043,2026-05-08,Bronze
Sneha,Kumar,sneha.kumar274@mail.com,Hyderabad,34,9100676267,2026-03-05,Bronze
Priya,Das,priya.das275@mail.com,Pune,24,9793271040,2026-04-07,Bronze
Rahul,Kumar,rahul.kumar276@mail.com,Chennai,39,9262181599,2026-03-23,Bronze
Sneha,Sharma,sneha.sharma277@mail.com,Pune,59,9296201533,2026-05-04,Bronze
Sneha,Das,sneha.das278@mail.com,Mumbai,34,9443106987,2026-04-15,Bronze
Aarav,Nair,aarav.nair279@mail.com,Chennai,45,9149731032,2026-02-09,Bronze
Rahul,Kumar,rahul.kumar280@mail.com,Pune,25,9467741862,2026-06-13,Bronze
Ananya,Nair,ananya.nair281@mail.com,Bengaluru,46,9047743490,2026-04-05,Bronze
Sneha,Kumar,sneha.kumar282@mail.com,Chennai,60,9586938068,2026-02-08,Bronze
Meera,Gupta,meera.gupta283@mail.com,Mumbai,33,9741608989,2026-04-18,Bronze
Arjun,Reddy,arjun.reddy284@mail.com,Chennai,46,9223320616,2026-06-23,Bronze
Lakshmi,Reddy,lakshmi.reddy285@mail.com,Mumbai,34,9511686854,2026-02-21,Bronze
Kiran,Sharma,kiran.sharma286@mail.com,Mumbai,55,9861622999,2026-05-14,Bronze
Vivaan,Joshi,vivaan.joshi287@mail.com,Chennai,36,9856467997,2026-01-26,Bronze
Aditya,Singh,aditya.singh288@mail.com,Pune,27,9996065307,2026-01-10,Bronze
Priya,Sharma,priya.sharma289@mail.com,Hyderabad,37,9447132475,2026-03-10,Bronze
Sneha,Iyer,sneha.iyer290@mail.com,Mumbai,59,9137367850,2026-03-10,Bronze
Aditya,Kumar,aditya.kumar291@mail.com,Hyderabad,63,9862890233,2026-05-12,Bronze
Sai,Sharma,sai.sharma292@mail.com,Pune,21,9534578610,2026-01-15,Bronze
Priya,Gupta,priya.gupta293@mail.com,Mumbai,46,9279855241,2026-03-03,Bronze
Aarav,Iyer,aarav.iyer294@mail.com,Chennai,28,9933334680,2026-03-14,Bronze
Aarav,Gupta,aarav.gupta295@mail.com,Bengaluru,59,9290349446,2026-06-24,Bronze
Priya,Gupta,priya.gupta296@mail.com,Hyderabad,31,9748969108,2026-04-07,Bronze
Priya,Das,priya.das297@mail.com,Mumbai,56,9441715454,2026-06-19,Bronze
Lakshmi,Singh,lakshmi.singh298@mail.com,Bengaluru,27,9830965207,2026-03-08,Bronze
Rahul,Iyer,rahul.iyer299@mail.com,Pune,42,9099353875,2026-03-17,Bronze
Rahul,Reddy,rahul.reddy300@mail.com,Mumbai,29,9417248251,2026-05-10,Bronze
Priya,Patel,priya.patel301@mail.com,Hyderabad,44,9554947170,2026-02-26,Bronze
Arjun,Joshi,arjun.joshi302@mail.com,Mumbai,22,9738168460,2026-06-12,Bronze
Aditya,Patel,aditya.patel303@mail.com,Hyderabad,44,9972521752,2026-02-08,Bronze
Lakshmi,Sharma,lakshmi.sharma304@mail.com,Chennai,46,9432927129,2026-03-22,Bronze
Lakshmi,Iyer,lakshmi.iyer305@mail.com,Pune,45,9760083505,2026-04-22,Bronze
Sai,Sharma,sai.sharma306@mail.com,Chennai,58,9335421689,2026-05-16,Bronze
Aditya,Kumar,aditya.kumar307@mail.com,Chennai,37,9478985625,2026-03-20,Bronze
Priya,Patel,priya.patel308@mail.com,Bengaluru,43,9033230982,2026-05-06,Bronze
Priya,Sharma,priya.sharma309@mail.com,Pune,58,9489090100,2026-02-01,Bronze
Vivaan,Iyer,vivaan.iyer310@mail.com,Pune,42,9184723046,2026-06-26,Bronze
Vivaan,Das,vivaan.das311@mail.com,Hyderabad,57,9926189141,2026-06-19,Bronze
Kiran,Patel,kiran.patel312@mail.com,Mumbai,30,9483564208,2026-01-28,Bronze
Sai,Gupta,sai.gupta313@mail.com,Hyderabad,33,9001197218,2026-05-08,Bronze
Sneha,Kumar,sneha.kumar314@mail.com,Hyderabad,59,9374470120,2026-01-20,Bronze
Priya,Nair,priya.nair315@mail.com,Pune,65,9110022557,2026-03-16,Bronze
Rahul,Kumar,rahul.kumar316@mail.com,Hyderabad,39,9216674676,2026-06-09,Bronze
Aditya,Kumar,aditya.kumar317@mail.com,Bengaluru,62,9021697972,2026-06-16,Bronze
Ananya,Nair,ananya.nair318@mail.com,Mumbai,19,9277167014,2026-06-06,Bronze
Priya,Sharma,priya.sharma319@mail.com,Mumbai,65,9993588916,2026-06-17,Bronze
Sneha,Patel,sneha.patel320@mail.com,Pune,40,9628900287,2026-06-19,Bronze
Aditya,Kumar,aditya.kumar321@mail.com,Pune,38,9354083866,2026-05-07,Bronze
Vivaan,Gupta,vivaan.gupta322@mail.com,Pune,54,9717751701,2026-03-02,Bronze
Ananya,Sharma,ananya.sharma323@mail.com,Mumbai,53,9019948837,2026-04-14,Bronze
Priya,Sharma,priya.sharma324@mail.com,Bengaluru,47,9589975711,2026-03-29,Bronze
Sai,Sharma,sai.sharma325@mail.com,Hyderabad,40,9488510272,2026-06-18,Bronze
Sneha,Iyer,sneha.iyer326@mail.com,Chennai,34,9933163735,2026-07-03,Bronze
Ananya,Sharma,ananya.sharma327@mail.com,Mumbai,25,9779827080,2026-01-28,Bronze
Ananya,Joshi,ananya.joshi328@mail.com,Pune,50,9292216995,2026-05-22,Bronze
Ananya,Iyer,ananya.iyer329@mail.com,Mumbai,62,9346547226,2026-05-10,Bronze
Sneha,Das,sneha.das330@mail.com,Hyderabad,62,9858333945,2026-06-04,Bronze
Aditya,Reddy,aditya.reddy331@mail.com,Mumbai,52,9515879968,2026-06-22,Bronze
Ananya,Sharma,ananya.sharma332@mail.com,Mumbai,24,9062003424,2026-03-15,Bronze
Rahul,Reddy,rahul.reddy333@mail.com,Chennai,62,9438057198,2026-06-24,Bronze
Sneha,Das,sneha.das334@mail.com,Pune,33,9840666580,2026-02-27,Bronze
Sneha,Singh,sneha.singh335@mail.com,Bengaluru,57,9735989334,2026-01-04,Bronze
Aditya,Kumar,aditya.kumar336@mail.com,Bengaluru,29,9816064842,2026-04-25,Bronze
Arjun,Singh,arjun.singh337@mail.com,Chennai,39,9720259094,2026-02-11,Bronze
Arjun,Das,arjun.das338@mail.com,Hyderabad,22,9583281826,2026-05-06,Bronze
Meera,Iyer,meera.iyer339@mail.com,Chennai,40,9335554398,2026-05-20,Bronze
Meera,Sharma,meera.sharma340@mail.com,Chennai,60,9573993056,2026-05-02,Bronze
Ananya,Singh,ananya.singh341@mail.com,Mumbai,64,9408588770,2026-01-30,Bronze
Lakshmi,Patel,lakshmi.patel342@mail.com,Hyderabad,50,9112880133,2026-03-17,Bronze
Ananya,Kumar,ananya.kumar343@mail.com,Bengaluru,52,9612075011,2026-06-25,Bronze
Aditya,Singh,aditya.singh344@mail.com,Mumbai,22,9934667665,2026-01-14,Bronze
Ananya,Kumar,ananya.kumar345@mail.com,Mumbai,18,9919015814,2026-01-05,Bronze
Rahul,Joshi,rahul.joshi346@mail.com,Chennai,36,9766072832,2026-06-25,Bronze
Ananya,Das,ananya.das347@mail.com,Hyderabad,58,9245088210,2026-07-11,Bronze
Arjun,Joshi,arjun.joshi348@mail.com,Pune,52,9814353682,2026-01-02,Bronze
Aditya,Patel,aditya.patel349@mail.com,Mumbai,34,9312908781,2026-02-11,Bronze
Lakshmi,Kumar,lakshmi.kumar350@mail.com,Hyderabad,24,9397552314,2026-03-16,Bronze
Vivaan,Patel,vivaan.patel351@mail.com,Hyderabad,49,9759492995,2026-06-08,Bronze
Ananya,Reddy,ananya.reddy352@mail.com,Chennai,38,9336452577,2026-03-22,Bronze
Priya,Singh,priya.singh353@mail.com,Pune,53,9129142834,2026-04-25,Bronze
Lakshmi,Kumar,lakshmi.kumar354@mail.com,Chennai,19,9809969308,2026-07-07,Bronze
Meera,Das,meera.das355@mail.com,Pune,59,9256394278,2026-03-08,Bronze
Vivaan,Iyer,vivaan.iyer356@mail.com,Hyderabad,50,9039282722,2026-05-11,Bronze
Arjun,Reddy,arjun.reddy357@mail.com,Pune,40,9037314530,2026-05-25,Bronze
Sai,Das,sai.das358@mail.com,Hyderabad,42,9770051844,2026-06-21,Bronze
Meera,Joshi,meera.joshi359@mail.com,Bengaluru,42,9659184638,2026-05-29,Bronze
Priya,Nair,priya.nair360@mail.com,Pune,48,9908272318,2026-04-14,Bronze
Rahul,Patel,rahul.patel361@mail.com,Bengaluru,29,9259136517,2026-06-14,Bronze
Kiran,Gupta,kiran.gupta362@mail.com,Bengaluru,55,9260302992,2026-06-22,Bronze
Lakshmi,Das,lakshmi.das363@mail.com,Chennai,54,9202428699,2026-02-04,Bronze
Aarav,Singh,aarav.singh364@mail.com,Chennai,31,9797723692,2026-06-13,Bronze
Aditya,Joshi,aditya.joshi365@mail.com,Mumbai,34,9257991366,2026-05-30,Bronze
Vivaan,Sharma,vivaan.sharma366@mail.com,Bengaluru,51,9862912799,2026-02-03,Bronze
Meera,Das,meera.das367@mail.com,Chennai,23,9729806865,2026-01-10,Bronze
Sneha,Das,sneha.das368@mail.com,Pune,32,9765991624,2026-01-12,Bronze
Sai,Kumar,sai.kumar369@mail.com,Hyderabad,56,9864300981,2026-05-03,Bronze
Aarav,Iyer,aarav.iyer370@mail.com,Bengaluru,62,9565126944,2026-05-14,Bronze
Ananya,Joshi,ananya.joshi371@mail.com,Hyderabad,57,9463688725,2026-05-18,Bronze
Meera,Gupta,meera.gupta372@mail.com,Hyderabad,37,9956213721,2026-05-24,Bronze
Meera,Iyer,meera.iyer373@mail.com,Hyderabad,53,9902601279,2026-02-24,Bronze
Vivaan,Kumar,vivaan.kumar374@mail.com,Hyderabad,32,9519066984,2026-04-22,Bronze
Arjun,Sharma,arjun.sharma375@mail.com,Bengaluru,58,9770384309,2026-07-02,Bronze
Meera,Patel,meera.patel376@mail.com,Mumbai,28,9053021465,2026-05-11,Bronze
Ananya,Iyer,ananya.iyer377@mail.com,Mumbai,30,9801184895,2026-06-21,Bronze
Rahul,Patel,rahul.patel378@mail.com,Mumbai,30,9769042681,2026-03-30,Bronze
Vivaan,Das,vivaan.das379@mail.com,Hyderabad,39,9184894769,2026-05-24,Bronze
Sai,Nair,sai.nair380@mail.com,Pune,61,9790714163,2026-05-04,Bronze
Sneha,Patel,sneha.patel381@mail.com,Hyderabad,44,9588043416,2026-06-23,Bronze
Sneha,Nair,sneha.nair382@mail.com,Chennai,53,9275539423,2026-06-22,Bronze
Sneha,Patel,sneha.patel383@mail.com,Bengaluru,65,9343333952,2026-05-08,Bronze
Vivaan,Kumar,vivaan.kumar384@mail.com,Pune,57,9080759579,2026-01-28,Bronze
Kiran,Reddy,kiran.reddy385@mail.com,Mumbai,35,9639208678,2026-03-12,Bronze
Meera,Nair,meera.nair386@mail.com,Pune,61,9271875003,2026-01-09,Bronze
Arjun,Kumar,arjun.kumar387@mail.com,Hyderabad,41,9942843479,2026-04-08,Bronze
Priya,Reddy,priya.reddy388@mail.com,Pune,45,9365564729,2026-03-29,Bronze
Arjun,Patel,arjun.patel389@mail.com,Chennai,64,9438663227,2026-02-03,Bronze
Aditya,Iyer,aditya.iyer390@mail.com,Pune,26,9885744890,2026-01-03,Bronze
Vivaan,Reddy,vivaan.reddy391@mail.com,Chennai,31,9471754558,2026-04-12,Bronze
Rahul,Nair,rahul.nair392@mail.com,Chennai,44,9159399824,2026-05-23,Bronze
Priya,Das,priya.das393@mail.com,Pune,65,9716947225,2026-04-01,Bronze
Lakshmi,Joshi,lakshmi.joshi394@mail.com,Mumbai,43,9112535544,2026-04-18,Bronze
Lakshmi,Iyer,lakshmi.iyer395@mail.com,Hyderabad,46,9598762202,2026-06-04,Bronze
Sai,Singh,sai.singh396@mail.com,Chennai,31,9261117800,2026-07-06,Bronze
Meera,Kumar,meera.kumar397@mail.com,Chennai,34,9921643347,2026-04-12,Bronze
Aditya,Reddy,aditya.reddy398@mail.com,Mumbai,28,9005577848,2026-06-10,Bronze
Aditya,Das,aditya.das399@mail.com,Bengaluru,55,9979688457,2026-04-24,Bronze
Sai,Kumar,sai.kumar400@mail.com,Pune,37,9564240082,2026-05-19,Bronze
Rahul,Gupta,rahul.gupta401@mail.com,Mumbai,18,9774064930,2026-03-30,Bronze
Priya,Patel,priya.patel402@mail.com,Pune,53,9663266341,2026-05-21,Bronze
Lakshmi,Patel,lakshmi.patel403@mail.com,Mumbai,57,9448463122,2026-04-19,Bronze
Vivaan,Gupta,vivaan.gupta404@mail.com,Mumbai,46,9497350208,2026-03-16,Bronze
Aditya,Kumar,aditya.kumar405@mail.com,Hyderabad,35,9270312073,2026-01-06,Bronze
Ananya,Singh,ananya.singh406@mail.com,Pune,41,9705120461,2026-03-29,Bronze
Kiran,Reddy,kiran.reddy407@mail.com,Bengaluru,34,9601367303,2026-05-20,Bronze
Sneha,Kumar,sneha.kumar408@mail.com,Mumbai,60,9376452088,2026-04-28,Bronze
Rahul,Gupta,rahul.gupta409@mail.com,Hyderabad,30,9503136502,2026-02-01,Bronze
Arjun,Kumar,arjun.kumar410@mail.com,Pune,33,9009792513,2026-03-12,Bronze
Kiran,Kumar,kiran.kumar411@mail.com,Mumbai,39,9005281273,2026-02-10,Bronze
Meera,Nair,meera.nair412@mail.com,Pune,64,9306524077,2026-03-23,Bronze
Rahul,Das,rahul.das413@mail.com,Pune,30,9928557498,2026-05-24,Bronze
Vivaan,Das,vivaan.das414@mail.com,Bengaluru,46,9448570862,2026-02-11,Bronze
Arjun,Nair,arjun.nair415@mail.com,Mumbai,33,9518638782,2026-01-05,Bronze
Rahul,Nair,rahul.nair416@mail.com,Pune,59,9511810220,2026-06-06,Bronze
Vivaan,Gupta,vivaan.gupta417@mail.com,Bengaluru,24,9096789940,2026-02-21,Bronze
Sai,Joshi,sai.joshi418@mail.com,Chennai,18,9371705865,2026-04-04,Bronze
Aarav,Joshi,aarav.joshi419@mail.com,Hyderabad,51,9014138113,2026-07-01,Bronze
Ananya,Patel,ananya.patel420@mail.com,Bengaluru,51,9392886195,2026-05-17,Bronze
Kiran,Iyer,kiran.iyer421@mail.com,Chennai,28,9286852897,2026-06-22,Bronze
Priya,Das,priya.das422@mail.com,Hyderabad,41,9665939836,2026-04-01,Bronze
Sneha,Singh,sneha.singh423@mail.com,Hyderabad,46,9760049082,2026-05-21,Bronze
Aarav,Singh,aarav.singh424@mail.com,Bengaluru,31,9504888992,2026-03-19,Bronze
Aarav,Gupta,aarav.gupta425@mail.com,Hyderabad,27,9245933441,2026-01-25,Bronze
Ananya,Joshi,ananya.joshi426@mail.com,Bengaluru,64,9157279194,2026-05-27,Bronze
Sneha,Joshi,sneha.joshi427@mail.com,Pune,23,9055661390,2026-01-10,Bronze
Lakshmi,Iyer,lakshmi.iyer428@mail.com,Chennai,37,9805892583,2026-06-12,Bronze
Aarav,Iyer,aarav.iyer429@mail.com,Pune,56,9981364622,2026-02-09,Bronze
Vivaan,Gupta,vivaan.gupta430@mail.com,Mumbai,65,9086416862,2026-03-28,Bronze
Kiran,Das,kiran.das431@mail.com,Bengaluru,49,9693898331,2026-02-04,Bronze
Ananya,Nair,ananya.nair432@mail.com,Mumbai,23,9166553559,2026-03-10,Bronze
Aarav,Singh,aarav.singh433@mail.com,Bengaluru,40,9979270335,2026-06-17,Bronze
Sneha,Kumar,sneha.kumar434@mail.com,Chennai,65,9039240514,2026-02-09,Bronze
Kiran,Sharma,kiran.sharma435@mail.com,Hyderabad,31,9833884879,2026-04-26,Bronze
Aditya,Sharma,aditya.sharma436@mail.com,Pune,55,9804204394,2026-07-06,Bronze
Kiran,Sharma,kiran.sharma437@mail.com,Chennai,42,9451046368,2026-01-14,Bronze
Vivaan,Nair,vivaan.nair438@mail.com,Pune,56,9812387800,2026-07-01,Bronze
Meera,Singh,meera.singh439@mail.com,Hyderabad,49,9620555438,2026-03-05,Bronze
Aarav,Singh,aarav.singh440@mail.com,Pune,19,9843256216,2026-03-12,Bronze
Lakshmi,Joshi,lakshmi.joshi441@mail.com,Bengaluru,44,9392649578,2026-05-14,Bronze
Sai,Reddy,sai.reddy442@mail.com,Mumbai,52,9324826292,2026-02-03,Bronze
Vivaan,Das,vivaan.das443@mail.com,Mumbai,64,9125205664,2026-03-23,Bronze
Sneha,Singh,sneha.singh444@mail.com,Bengaluru,30,9122099499,2026-04-24,Bronze
Sai,Joshi,sai.joshi445@mail.com,Bengaluru,32,9051728975,2026-06-06,Bronze
Ananya,Gupta,ananya.gupta446@mail.com,Pune,26,9233060463,2026-02-17,Bronze
Lakshmi,Patel,lakshmi.patel447@mail.com,Bengaluru,22,9279757366,2026-07-10,Bronze
Arjun,Iyer,arjun.iyer448@mail.com,Hyderabad,43,9999880817,2026-01-11,Bronze
Aarav,Patel,aarav.patel449@mail.com,Mumbai,52,9608680347,2026-04-27,Bronze
Rahul,Singh,rahul.singh450@mail.com,Pune,28,9649082771,2026-04-12,Bronze
Meera,Kumar,meera.kumar451@mail.com,Bengaluru,55,9826657027,2026-07-04,Bronze
Sneha,Patel,sneha.patel452@mail.com,Pune,23,9452111751,2026-06-01,Bronze
Sneha,Iyer,sneha.iyer453@mail.com,Mumbai,57,9268602592,2026-05-15,Bronze
Aditya,Reddy,aditya.reddy454@mail.com,Chennai,44,9447421230,2026-02-11,Bronze
Rahul,Sharma,rahul.sharma455@mail.com,Pune,49,9780973397,2026-06-09,Bronze
Ananya,Gupta,ananya.gupta456@mail.com,Chennai,56,9903849830,2026-04-27,Bronze
Aditya,Sharma,aditya.sharma457@mail.com,Hyderabad,20,9209945101,2026-02-17,Bronze
Aditya,Reddy,aditya.reddy458@mail.com,Hyderabad,57,9998279501,2026-04-17,Bronze
Priya,Nair,priya.nair459@mail.com,Pune,22,9681472145,2026-03-18,Bronze
Ananya,Das,ananya.das460@mail.com,Bengaluru,62,9390198179,2026-05-15,Bronze
Rahul,Iyer,rahul.iyer461@mail.com,Mumbai,38,9489952997,2026-06-30,Bronze
Sneha,Gupta,sneha.gupta462@mail.com,Pune,29,9934301071,2026-05-14,Bronze
Sai,Joshi,sai.joshi463@mail.com,Pune,44,9055830344,2026-07-08,Bronze
Rahul,Singh,rahul.singh464@mail.com,Mumbai,53,9501556990,2026-01-18,Bronze
Sai,Nair,sai.nair465@mail.com,Hyderabad,61,9770272785,2026-02-14,Bronze
Ananya,Sharma,ananya.sharma466@mail.com,Mumbai,37,9958803955,2026-04-29,Bronze
Aditya,Singh,aditya.singh467@mail.com,Chennai,39,9682996291,2026-01-17,Bronze
Sneha,Nair,sneha.nair468@mail.com,Chennai,35,9617357438,2026-03-20,Bronze
Aditya,Kumar,aditya.kumar469@mail.com,Hyderabad,20,9317807823,2026-03-19,Bronze
Kiran,Das,kiran.das470@mail.com,Hyderabad,38,9218230768,2026-03-29,Bronze
Aarav,Singh,aarav.singh471@mail.com,Chennai,61,9915701840,2026-01-30,Bronze
Rahul,Patel,rahul.patel472@mail.com,Hyderabad,30,9344857142,2026-05-28,Bronze
Rahul,Kumar,rahul.kumar473@mail.com,Chennai,57,9881385854,2026-02-10,Bronze
Sneha,Singh,sneha.singh474@mail.com,Mumbai,33,9214958702,2026-02-06,Bronze
Kiran,Sharma,kiran.sharma475@mail.com,Chennai,42,9016629979,2026-01-08,Bronze
Rahul,Nair,rahul.nair476@mail.com,Bengaluru,63,9817921717,2026-04-02,Bronze
Lakshmi,Gupta,lakshmi.gupta477@mail.com,Pune,32,9329456255,2026-03-21,Bronze
Kiran,Sharma,kiran.sharma478@mail.com,Chennai,48,9157724599,2026-04-27,Bronze
Meera,Kumar,meera.kumar479@mail.com,Pune,63,9158148769,2026-02-02,Bronze
Sai,Joshi,sai.joshi480@mail.com,Bengaluru,53,9276153966,2026-04-16,Bronze
Priya,Das,priya.das481@mail.com,Bengaluru,29,9197199758,2026-05-26,Bronze
Kiran,Reddy,kiran.reddy482@mail.com,Hyderabad,43,9191965701,2026-01-25,Bronze
Aditya,Joshi,aditya.joshi483@mail.com,Chennai,27,9278469973,2026-02-25,Bronze
Lakshmi,Nair,lakshmi.nair484@mail.com,Hyderabad,54,9465190986,2026-02-22,Bronze
Rahul,Sharma,rahul.sharma485@mail.com,Hyderabad,53,9008514036,2026-02-02,Bronze
Arjun,Iyer,arjun.iyer486@mail.com,Hyderabad,63,9666683272,2026-06-29,Bronze
Meera,Iyer,meera.iyer487@mail.com,Hyderabad,44,9242201027,2026-02-18,Bronze
Ananya,Reddy,ananya.reddy488@mail.com,Chennai,26,9679692786,2026-06-18,Bronze
Kiran,Iyer,kiran.iyer489@mail.com,Hyderabad,32,9269097384,2026-05-22,Bronze
Meera,Joshi,meera.joshi490@mail.com,Hyderabad,20,9097519712,2026-04-16,Bronze
Sneha,Das,sneha.das491@mail.com,Hyderabad,47,9818913718,2026-07-06,Bronze
Rahul,Joshi,rahul.joshi492@mail.com,Chennai,39,9807787956,2026-05-29,Bronze
Rahul,Singh,rahul.singh493@mail.com,Bengaluru,20,9949407929,2026-04-01,Bronze
Lakshmi,Singh,lakshmi.singh494@mail.com,Mumbai,19,9471281442,2026-01-14,Bronze
Rahul,Singh,rahul.singh495@mail.com,Hyderabad,18,9192927524,2026-06-07,Bronze
Sai,Gupta,sai.gupta496@mail.com,Bengaluru,51,9051292766,2026-06-29,Bronze
Lakshmi,Gupta,lakshmi.gupta497@mail.com,Bengaluru,31,9950410276,2026-03-02,Bronze
Rahul,Gupta,rahul.gupta498@mail.com,Mumbai,32,9667428604,2026-05-02,Bronze
Ananya,Nair,ananya.nair499@mail.com,Mumbai,61,9018569454,2026-04-25,Bronze
Vivaan,Singh,vivaan.singh500@mail.com,Mumbai,43,9739385258,2026-03-10,Bronze
Lakshmi,Sharma,lakshmi.sharma501@mail.com,Chennai,18,9618175344,2026-01-03,Bronze
Aarav,Sharma,aarav.sharma502@mail.com,Mumbai,23,9093911192,2026-02-19,Bronze
Lakshmi,Joshi,lakshmi.joshi503@mail.com,Bengaluru,25,9244717465,2026-04-07,Bronze
Aditya,Kumar,aditya.kumar504@mail.com,Hyderabad,21,9665044271,2026-03-07,Bronze
Sai,Joshi,sai.joshi505@mail.com,Pune,29,9712863917,2026-05-06,Bronze
Rahul,Kumar,rahul.kumar506@mail.com,Chennai,22,9194707200,2026-07-03,Bronze
Ananya,Singh,ananya.singh507@mail.com,Bengaluru,62,9569087766,2026-06-20,Bronze
Vivaan,Das,vivaan.das508@mail.com,Bengaluru,18,9671985546,2026-07-06,Bronze
Lakshmi,Kumar,lakshmi.kumar509@mail.com,Hyderabad,52,9517432806,2026-01-15,Bronze
Sai,Singh,sai.singh510@mail.com,Pune,24,9571732030,2026-06-19,Bronze
Arjun,Patel,arjun.patel511@mail.com,Pune,42,9184787005,2026-07-04,Bronze
Priya,Sharma,priya.sharma512@mail.com,Pune,25,9387829310,2026-01-15,Bronze
Aditya,Gupta,aditya.gupta513@mail.com,Chennai,48,9903202041,2026-07-08,Bronze
Arjun,Reddy,arjun.reddy514@mail.com,Mumbai,22,9117993136,2026-04-27,Bronze
Sneha,Iyer,sneha.iyer515@mail.com,Hyderabad,25,9982530925,2026-03-28,Bronze
Vivaan,Singh,vivaan.singh516@mail.com,Bengaluru,44,9258273902,2026-01-17,Bronze
Lakshmi,Joshi,lakshmi.joshi517@mail.com,Pune,28,9071002194,2026-01-26,Bronze
Sneha,Gupta,sneha.gupta518@mail.com,Bengaluru,31,9248763290,2026-04-17,Bronze
Aditya,Gupta,aditya.gupta519@mail.com,Mumbai,23,9456083318,2026-06-02,Bronze
Arjun,Nair,arjun.nair520@mail.com,Mumbai,50,9373403127,2026-01-25,Bronze
Aditya,Reddy,aditya.reddy521@mail.com,Chennai,21,9543645970,2026-05-08,Bronze
Sneha,Sharma,sneha.sharma522@mail.com,Mumbai,29,9207811379,2026-01-27,Bronze
Priya,Iyer,priya.iyer523@mail.com,Bengaluru,65,9531531363,2026-05-29,Bronze
Sai,Kumar,sai.kumar524@mail.com,Pune,55,9706239726,2026-04-07,Bronze
Aditya,Gupta,aditya.gupta525@mail.com,Bengaluru,58,9543520904,2026-04-06,Bronze
Vivaan,Gupta,vivaan.gupta526@mail.com,Pune,44,9253492929,2026-02-04,Bronze
Sai,Kumar,sai.kumar527@mail.com,Pune,51,9739774063,2026-05-22,Bronze
Priya,Iyer,priya.iyer528@mail.com,Mumbai,32,9929060078,2026-03-05,Bronze
Ananya,Das,ananya.das529@mail.com,Pune,48,9177318063,2026-01-09,Bronze
Priya,Singh,priya.singh530@mail.com,Bengaluru,59,9107427990,2026-02-03,Bronze
Kiran,Reddy,kiran.reddy531@mail.com,Pune,29,9570165804,2026-04-27,Bronze
Rahul,Joshi,rahul.joshi532@mail.com,Mumbai,54,9319508501,2026-04-20,Bronze
Priya,Gupta,priya.gupta533@mail.com,Mumbai,20,9552818325,2026-04-09,Bronze
Meera,Kumar,meera.kumar534@mail.com,Pune,65,9933554864,2026-03-03,Bronze
Vivaan,Nair,vivaan.nair535@mail.com,Hyderabad,46,9788178847,2026-01-14,Bronze
Priya,Kumar,priya.kumar536@mail.com,Bengaluru,47,9116241124,2026-06-08,Bronze
Sneha,Reddy,sneha.reddy537@mail.com,Pune,27,9380468275,2026-01-29,Bronze
Kiran,Sharma,kiran.sharma538@mail.com,Hyderabad,30,9103856955,2026-04-18,Bronze
Arjun,Das,arjun.das539@mail.com,Mumbai,46,9749242437,2026-05-05,Bronze
Rahul,Sharma,rahul.sharma540@mail.com,Bengaluru,40,9472928422,2026-04-06,Bronze
Sneha,Reddy,sneha.reddy541@mail.com,Bengaluru,33,9105927452,2026-07-01,Bronze
Meera,Sharma,meera.sharma542@mail.com,Hyderabad,40,9257828410,2026-02-22,Bronze
Kiran,Reddy,kiran.reddy543@mail.com,Pune,38,9208854749,2026-04-14,Bronze
Aditya,Joshi,aditya.joshi544@mail.com,Pune,39,9170281406,2026-06-20,Bronze
Sai,Gupta,sai.gupta545@mail.com,Hyderabad,23,9509398343,2026-06-08,Bronze
Vivaan,Das,vivaan.das546@mail.com,Pune,61,9186375998,2026-01-06,Bronze
Lakshmi,Nair,lakshmi.nair547@mail.com,Pune,27,9656504554,2026-01-15,Bronze
Meera,Kumar,meera.kumar548@mail.com,Bengaluru,64,9767426629,2026-04-25,Bronze
Vivaan,Reddy,vivaan.reddy549@mail.com,Bengaluru,37,9785196106,2026-06-03,Bronze
Rahul,Iyer,rahul.iyer550@mail.com,Bengaluru,53,9792326487,2026-06-13,Bronze
Rahul,Joshi,rahul.joshi551@mail.com,Hyderabad,49,9873002447,2026-01-11,Bronze
Lakshmi,Singh,lakshmi.singh552@mail.com,Pune,29,9730147195,2026-02-01,Bronze
Kiran,Joshi,kiran.joshi553@mail.com,Pune,34,9715890429,2026-05-29,Bronze
Aditya,Nair,aditya.nair554@mail.com,Pune,62,9252045650,2026-01-15,Bronze
Rahul,Das,rahul.das555@mail.com,Chennai,50,9321928554,2026-03-16,Bronze
Lakshmi,Nair,lakshmi.nair556@mail.com,Chennai,52,9952028457,2026-03-11,Bronze
Priya,Reddy,priya.reddy557@mail.com,Chennai,31,9283389888,2026-04-16,Bronze
Vivaan,Iyer,vivaan.iyer558@mail.com,Pune,22,9120754527,2026-06-29,Bronze
Meera,Nair,meera.nair559@mail.com,Bengaluru,63,9401322342,2026-06-02,Bronze
Aditya,Kumar,aditya.kumar560@mail.com,Pune,62,9110760310,2026-02-23,Bronze
Meera,Joshi,meera.joshi561@mail.com,Chennai,48,9140140119,2026-06-18,Bronze
Arjun,Patel,arjun.patel562@mail.com,Bengaluru,60,9501249552,2026-02-22,Bronze
Sneha,Joshi,sneha.joshi563@mail.com,Bengaluru,50,9911908334,2026-05-09,Bronze
Meera,Sharma,meera.sharma564@mail.com,Chennai,31,9875927125,2026-02-13,Bronze
Ananya,Patel,ananya.patel565@mail.com,Mumbai,32,9615171827,2026-04-08,Bronze
Sneha,Singh,sneha.singh566@mail.com,Mumbai,64,9015716479,2026-04-03,Bronze
Rahul,Gupta,rahul.gupta567@mail.com,Bengaluru,53,9646317520,2026-07-08,Bronze
Kiran,Kumar,kiran.kumar568@mail.com,Pune,46,9811266912,2026-06-22,Bronze
Priya,Patel,priya.patel569@mail.com,Hyderabad,30,9961367499,2026-01-17,Bronze
Lakshmi,Iyer,lakshmi.iyer570@mail.com,Hyderabad,48,9967842711,2026-03-11,Bronze
Kiran,Gupta,kiran.gupta571@mail.com,Bengaluru,58,9201017026,2026-03-06,Bronze
Lakshmi,Nair,lakshmi.nair572@mail.com,Bengaluru,37,9991187734,2026-06-04,Bronze
Kiran,Gupta,kiran.gupta573@mail.com,Mumbai,34,9858800616,2026-06-19,Bronze
Priya,Iyer,priya.iyer574@mail.com,Pune,47,9002842762,2026-04-26,Bronze
Sneha,Iyer,sneha.iyer575@mail.com,Pune,25,9978897782,2026-03-21,Bronze
Aarav,Iyer,aarav.iyer576@mail.com,Hyderabad,49,9969545009,2026-05-10,Bronze
Aditya,Nair,aditya.nair577@mail.com,Hyderabad,65,9905616556,2026-01-12,Bronze
Aarav,Patel,aarav.patel578@mail.com,Bengaluru,33,9491141520,2026-03-31,Bronze
Priya,Sharma,priya.sharma579@mail.com,Pune,60,9698640790,2026-05-18,Bronze
Ananya,Joshi,ananya.joshi580@mail.com,Pune,38,9917135785,2026-03-23,Bronze
Arjun,Singh,arjun.singh581@mail.com,Hyderabad,45,9371834404,2026-02-12,Bronze
Ananya,Patel,ananya.patel582@mail.com,Mumbai,65,9191954198,2026-05-27,Bronze
Ananya,Patel,ananya.patel583@mail.com,Hyderabad,22,9484685366,2026-05-02,Bronze
Arjun,Das,arjun.das584@mail.com,Pune,60,9820829737,2026-03-06,Bronze
Lakshmi,Das,lakshmi.das585@mail.com,Mumbai,45,9908357232,2026-03-10,Bronze
Lakshmi,Singh,lakshmi.singh586@mail.com,Pune,44,9513644249,2026-07-11,Bronze
Ananya,Patel,ananya.patel587@mail.com,Chennai,27,9303477866,2026-03-02,Bronze
Aarav,Patel,aarav.patel588@mail.com,Bengaluru,35,9204482070,2026-06-15,Bronze
Vivaan,Nair,vivaan.nair589@mail.com,Mumbai,37,9165162319,2026-01-15,Bronze
Meera,Kumar,meera.kumar590@mail.com,Mumbai,60,9984713915,2026-07-08,Bronze
Arjun,Iyer,arjun.iyer591@mail.com,Bengaluru,45,9321234764,2026-03-26,Bronze
Aarav,Gupta,aarav.gupta592@mail.com,Mumbai,41,9158673425,2026-05-31,Bronze
Sneha,Nair,sneha.nair593@mail.com,Hyderabad,19,9900348645,2026-05-02,Bronze
Vivaan,Das,vivaan.das594@mail.com,Bengaluru,46,9606441343,2026-06-25,Bronze
Kiran,Nair,kiran.nair595@mail.com,Pune,20,9417765612,2026-02-11,Bronze
Rahul,Das,rahul.das596@mail.com,Chennai,40,9698570027,2026-06-28,Bronze
Aditya,Sharma,aditya.sharma597@mail.com,Pune,30,9459112382,2026-06-14,Bronze
Lakshmi,Iyer,lakshmi.iyer598@mail.com,Hyderabad,46,9724295431,2026-06-02,Bronze
Priya,Reddy,priya.reddy599@mail.com,Pune,42,9930089317,2026-04-17,Bronze
Rahul,Reddy,rahul.reddy600@mail.com,Chennai,43,9969421529,2026-02-20,Bronze
Aarav,Das,aarav.das601@mail.com,Pune,47,9713334476,2026-01-31,Bronze
Ananya,Patel,ananya.patel602@mail.com,Mumbai,31,9436262044,2026-02-03,Bronze
Arjun,Gupta,arjun.gupta603@mail.com,Bengaluru,41,9971072563,2026-03-02,Bronze
Ananya,Iyer,ananya.iyer604@mail.com,Mumbai,34,9118005375,2026-07-02,Bronze
Lakshmi,Joshi,lakshmi.joshi605@mail.com,Chennai,18,9489646528,2026-06-05,Bronze
Arjun,Reddy,arjun.reddy606@mail.com,Hyderabad,28,9875721586,2026-01-11,Bronze
Rahul,Kumar,rahul.kumar607@mail.com,Hyderabad,20,9274564494,2026-02-06,Bronze
Priya,Iyer,priya.iyer608@mail.com,Bengaluru,38,9728703203,2026-05-13,Bronze
Aarav,Gupta,aarav.gupta609@mail.com,Hyderabad,28,9761707587,2026-02-16,Bronze
Kiran,Kumar,kiran.kumar610@mail.com,Bengaluru,25,9513422849,2026-04-28,Bronze
Arjun,Patel,arjun.patel611@mail.com,Mumbai,18,9892613715,2026-06-19,Bronze
Rahul,Kumar,rahul.kumar612@mail.com,Pune,41,9915201777,2026-01-07,Bronze
Rahul,Joshi,rahul.joshi613@mail.com,Chennai,39,9097592304,2026-06-10,Bronze
Aarav,Kumar,aarav.kumar614@mail.com,Mumbai,56,9616423610,2026-03-24,Bronze
Aditya,Iyer,aditya.iyer615@mail.com,Pune,36,9214764925,2026-02-23,Bronze
Vivaan,Nair,vivaan.nair616@mail.com,Mumbai,30,9776749961,2026-06-20,Bronze
Priya,Joshi,priya.joshi617@mail.com,Bengaluru,45,9610857327,2026-04-19,Bronze
Lakshmi,Das,lakshmi.das618@mail.com,Chennai,36,9761742243,2026-05-15,Bronze
Ananya,Singh,ananya.singh619@mail.com,Mumbai,21,9810818661,2026-05-14,Bronze
Lakshmi,Joshi,lakshmi.joshi620@mail.com,Hyderabad,40,9491801722,2026-04-29,Bronze
Aarav,Kumar,aarav.kumar621@mail.com,Pune,63,9459779452,2026-04-11,Bronze
Aditya,Kumar,aditya.kumar622@mail.com,Mumbai,34,9168006102,2026-02-24,Bronze
Kiran,Gupta,kiran.gupta623@mail.com,Pune,60,9974995641,2026-06-17,Bronze
Aditya,Sharma,aditya.sharma624@mail.com,Bengaluru,25,9030372368,2026-02-02,Bronze
Vivaan,Singh,vivaan.singh625@mail.com,Pune,27,9760122777,2026-02-18,Bronze
Kiran,Joshi,kiran.joshi626@mail.com,Bengaluru,30,9496050166,2026-01-06,Bronze
Sneha,Joshi,sneha.joshi627@mail.com,Mumbai,64,9840767899,2026-05-07,Bronze
Kiran,Patel,kiran.patel628@mail.com,Chennai,51,9069581467,2026-06-23,Bronze
Kiran,Joshi,kiran.joshi629@mail.com,Hyderabad,46,9602437573,2026-01-30,Bronze
Sai,Joshi,sai.joshi630@mail.com,Hyderabad,56,9724665729,2026-05-10,Bronze
Rahul,Kumar,rahul.kumar631@mail.com,Pune,26,9232971674,2026-02-23,Bronze
Sai,Das,sai.das632@mail.com,Chennai,19,9545228015,2026-03-02,Bronze
Vivaan,Joshi,vivaan.joshi633@mail.com,Bengaluru,25,9837455084,2026-04-21,Bronze
Sneha,Das,sneha.das634@mail.com,Mumbai,60,9107711991,2026-02-08,Bronze
Aarav,Das,aarav.das635@mail.com,Chennai,28,9135247871,2026-05-24,Bronze
Lakshmi,Nair,lakshmi.nair636@mail.com,Hyderabad,26,9137603754,2026-02-09,Bronze
Aditya,Kumar,aditya.kumar637@mail.com,Hyderabad,41,9653286326,2026-05-10,Bronze
Ananya,Gupta,ananya.gupta638@mail.com,Mumbai,61,9507208115,2026-04-16,Bronze
Ananya,Reddy,ananya.reddy639@mail.com,Pune,21,9602908466,2026-03-22,Bronze
Sneha,Das,sneha.das640@mail.com,Hyderabad,64,9550489267,2026-06-24,Bronze
Sai,Das,sai.das641@mail.com,Mumbai,57,9756341085,2026-06-14,Bronze
Sneha,Reddy,sneha.reddy642@mail.com,Mumbai,52,9431884852,2026-04-10,Bronze
Aarav,Das,aarav.das643@mail.com,Mumbai,34,9346810548,2026-01-06,Bronze
Vivaan,Sharma,vivaan.sharma644@mail.com,Chennai,46,9490753998,2026-04-01,Bronze
Sai,Nair,sai.nair645@mail.com,Hyderabad,36,9926831589,2026-06-02,Bronze
Priya,Gupta,priya.gupta646@mail.com,Chennai,27,9661106273,2026-02-19,Bronze
Vivaan,Nair,vivaan.nair647@mail.com,Mumbai,43,9988649767,2026-04-25,Bronze
Kiran,Iyer,kiran.iyer648@mail.com,Bengaluru,27,9827728813,2026-06-26,Bronze
Kiran,Sharma,kiran.sharma649@mail.com,Bengaluru,53,9519611594,2026-04-27,Bronze
Meera,Reddy,meera.reddy650@mail.com,Chennai,41,9454470229,2026-01-11,Silver
Aarav,Singh,aarav.singh651@mail.com,Hyderabad,31,9270185106,2026-04-18,Silver
Arjun,Singh,arjun.singh652@mail.com,Mumbai,46,9567922877,2026-05-04,Silver
Kiran,Reddy,kiran.reddy653@mail.com,Hyderabad,23,9996636580,2026-06-20,Silver
Kiran,Singh,kiran.singh654@mail.com,Chennai,28,9094818139,2026-06-21,Silver
Arjun,Sharma,arjun.sharma655@mail.com,Mumbai,51,9378018204,2026-05-19,Silver
Sai,Joshi,sai.joshi656@mail.com,Pune,23,9895690705,2026-02-22,Silver
Aditya,Iyer,aditya.iyer657@mail.com,Chennai,51,9564111824,2026-04-22,Silver
Aditya,Singh,aditya.singh658@mail.com,Chennai,27,9462095200,2026-02-06,Silver
Ananya,Kumar,ananya.kumar659@mail.com,Hyderabad,27,9654610339,2026-03-18,Silver
Sai,Gupta,sai.gupta660@mail.com,Mumbai,50,9614057861,2026-05-31,Silver
Aarav,Iyer,aarav.iyer661@mail.com,Bengaluru,19,9489138249,2026-05-04,Silver
Kiran,Kumar,kiran.kumar662@mail.com,Mumbai,31,9258238687,2026-04-15,Silver
Aarav,Gupta,aarav.gupta663@mail.com,Mumbai,36,9200749465,2026-01-11,Silver
Sai,Joshi,sai.joshi664@mail.com,Mumbai,36,9028914161,2026-06-11,Silver
Sneha,Das,sneha.das665@mail.com,Hyderabad,45,9398554743,2026-02-05,Silver
Priya,Nair,priya.nair666@mail.com,Bengaluru,47,9950209700,2026-06-19,Silver
Aditya,Iyer,aditya.iyer667@mail.com,Mumbai,62,9768118071,2026-06-22,Silver
Ananya,Joshi,ananya.joshi668@mail.com,Hyderabad,42,9201753703,2026-04-01,Silver
Aarav,Singh,aarav.singh669@mail.com,Hyderabad,30,9194337504,2026-07-10,Silver
Sneha,Joshi,sneha.joshi670@mail.com,Bengaluru,18,9361498728,2026-05-07,Silver
Lakshmi,Joshi,lakshmi.joshi671@mail.com,Mumbai,54,9219212493,2026-02-19,Silver
Sneha,Singh,sneha.singh672@mail.com,Bengaluru,61,9089487060,2026-05-14,Silver
Ananya,Iyer,ananya.iyer673@mail.com,Hyderabad,25,9877580304,2026-03-24,Silver
Meera,Gupta,meera.gupta674@mail.com,Hyderabad,18,9635190361,2026-04-18,Silver
Sai,Reddy,sai.reddy675@mail.com,Hyderabad,37,9110760954,2026-03-05,Silver
Vivaan,Gupta,vivaan.gupta676@mail.com,Bengaluru,39,9058319971,2026-03-05,Silver
Kiran,Joshi,kiran.joshi677@mail.com,Chennai,23,9006512070,2026-06-10,Silver
Arjun,Iyer,arjun.iyer678@mail.com,Chennai,24,9080466196,2026-03-19,Silver
Arjun,Joshi,arjun.joshi679@mail.com,Chennai,47,9676991507,2026-03-01,Silver
Priya,Joshi,priya.joshi680@mail.com,Bengaluru,24,9109193928,2026-05-13,Silver
Priya,Iyer,priya.iyer681@mail.com,Pune,64,9972320024,2026-03-07,Silver
Ananya,Das,ananya.das682@mail.com,Hyderabad,37,9982274954,2026-05-30,Silver
Aarav,Das,aarav.das683@mail.com,Mumbai,60,9203880653,2026-04-05,Silver
Lakshmi,Patel,lakshmi.patel684@mail.com,Chennai,39,9377959959,2026-02-21,Silver
Ananya,Nair,ananya.nair685@mail.com,Bengaluru,24,9707303379,2026-03-18,Silver
Sai,Gupta,sai.gupta686@mail.com,Hyderabad,65,9636205015,2026-02-24,Silver
Meera,Kumar,meera.kumar687@mail.com,Bengaluru,36,9739500334,2026-01-08,Silver
Sai,Singh,sai.singh688@mail.com,Bengaluru,39,9832302410,2026-02-14,Silver
Aditya,Iyer,aditya.iyer689@mail.com,Chennai,39,9347355289,2026-06-23,Silver
Sneha,Kumar,sneha.kumar690@mail.com,Chennai,27,9233865596,2026-04-22,Silver
Sai,Sharma,sai.sharma691@mail.com,Mumbai,55,9384253042,2026-06-12,Silver
Arjun,Gupta,arjun.gupta692@mail.com,Bengaluru,64,9179128685,2026-05-11,Silver
Meera,Gupta,meera.gupta693@mail.com,Bengaluru,38,9587774969,2026-05-08,Silver
Aarav,Patel,aarav.patel694@mail.com,Bengaluru,30,9736346692,2026-06-16,Silver
Rahul,Das,rahul.das695@mail.com,Chennai,26,9147853907,2026-04-06,Silver
Arjun,Nair,arjun.nair696@mail.com,Pune,46,9766575460,2026-05-12,Silver
Kiran,Patel,kiran.patel697@mail.com,Hyderabad,59,9151488814,2026-02-15,Silver
Vivaan,Kumar,vivaan.kumar698@mail.com,Chennai,41,9083535444,2026-02-28,Silver
Sneha,Joshi,sneha.joshi699@mail.com,Bengaluru,63,9840445669,2026-02-18,Silver
Aarav,Gupta,aarav.gupta700@mail.com,Mumbai,27,9633373898,2026-06-17,Silver
Sneha,Gupta,sneha.gupta701@mail.com,Hyderabad,23,9536637780,2026-04-30,Silver
Aditya,Joshi,aditya.joshi702@mail.com,Bengaluru,37,9075536668,2026-04-06,Silver
Priya,Joshi,priya.joshi703@mail.com,Chennai,54,9022599996,2026-03-18,Silver
Sai,Iyer,sai.iyer704@mail.com,Chennai,52,9637159741,2026-04-08,Silver
Vivaan,Das,vivaan.das705@mail.com,Bengaluru,20,9970231643,2026-02-13,Silver
Rahul,Das,rahul.das706@mail.com,Chennai,47,9058025662,2026-03-01,Silver
Aditya,Das,aditya.das707@mail.com,Pune,48,9163234672,2026-01-29,Silver
Arjun,Singh,arjun.singh708@mail.com,Mumbai,30,9874302716,2026-06-04,Silver
Sai,Das,sai.das709@mail.com,Hyderabad,54,9777901475,2026-06-04,Silver
Sneha,Singh,sneha.singh710@mail.com,Pune,57,9263296762,2026-06-29,Silver
Arjun,Kumar,arjun.kumar711@mail.com,Pune,62,9032484137,2026-06-28,Silver
Meera,Kumar,meera.kumar712@mail.com,Hyderabad,22,9185672438,2026-04-16,Silver
Kiran,Sharma,kiran.sharma713@mail.com,Chennai,58,9765636004,2026-01-12,Silver
Sneha,Reddy,sneha.reddy714@mail.com,Hyderabad,60,9777118372,2026-01-30,Silver
Rahul,Reddy,rahul.reddy715@mail.com,Bengaluru,19,9912418621,2026-05-01,Silver
Aarav,Singh,aarav.singh716@mail.com,Bengaluru,46,9523083708,2026-06-21,Silver
Lakshmi,Kumar,lakshmi.kumar717@mail.com,Pune,62,9470900633,2026-06-14,Silver
Sai,Patel,sai.patel718@mail.com,Chennai,19,9600531312,2026-04-06,Silver
Aditya,Sharma,aditya.sharma719@mail.com,Pune,50,9155839386,2026-07-05,Silver
Vivaan,Patel,vivaan.patel720@mail.com,Bengaluru,24,9552065063,2026-04-20,Silver
Sai,Kumar,sai.kumar721@mail.com,Hyderabad,59,9950136497,2026-04-28,Silver
Sneha,Das,sneha.das722@mail.com,Mumbai,28,9419562525,2026-01-27,Silver
Kiran,Kumar,kiran.kumar723@mail.com,Hyderabad,19,9997683890,2026-06-20,Silver
Aarav,Joshi,aarav.joshi724@mail.com,Chennai,37,9363910257,2026-03-01,Silver
Sai,Reddy,sai.reddy725@mail.com,Pune,31,9039752450,2026-03-17,Silver
Ananya,Singh,ananya.singh726@mail.com,Chennai,32,9553380339,2026-05-14,Silver
Meera,Nair,meera.nair727@mail.com,Bengaluru,46,9017130232,2026-04-08,Silver
Aditya,Joshi,aditya.joshi728@mail.com,Mumbai,31,9381674233,2026-01-24,Silver
Aditya,Joshi,aditya.joshi729@mail.com,Bengaluru,37,9497347156,2026-04-19,Silver
Aditya,Gupta,aditya.gupta730@mail.com,Pune,45,9896270661,2026-04-07,Silver
Arjun,Das,arjun.das731@mail.com,Bengaluru,53,9246747468,2026-03-18,Silver
Kiran,Kumar,kiran.kumar732@mail.com,Hyderabad,26,9732300857,2026-06-05,Silver
Ananya,Iyer,ananya.iyer733@mail.com,Hyderabad,42,9749160169,2026-04-14,Silver
Sai,Iyer,sai.iyer734@mail.com,Hyderabad,64,9587506633,2026-02-11,Silver
Aarav,Nair,aarav.nair735@mail.com,Chennai,62,9249724399,2026-05-03,Silver
Aditya,Sharma,aditya.sharma736@mail.com,Chennai,23,9669183626,2026-06-19,Silver
Sneha,Singh,sneha.singh737@mail.com,Mumbai,52,9694611952,2026-03-06,Silver
Sneha,Patel,sneha.patel738@mail.com,Pune,62,9402701168,2026-03-10,Silver
Lakshmi,Singh,lakshmi.singh739@mail.com,Pune,28,9252237281,2026-04-17,Silver
Arjun,Patel,arjun.patel740@mail.com,Bengaluru,30,9023467912,2026-04-26,Silver
Rahul,Kumar,rahul.kumar741@mail.com,Pune,25,9415093771,2026-01-21,Silver
Aarav,Singh,aarav.singh742@mail.com,Chennai,60,9901380698,2026-01-03,Silver
Kiran,Gupta,kiran.gupta743@mail.com,Hyderabad,56,9655553566,2026-03-10,Silver
Aarav,Nair,aarav.nair744@mail.com,Hyderabad,24,9076209184,2026-06-06,Silver
Sai,Nair,sai.nair745@mail.com,Pune,57,9786305050,2026-06-29,Silver
Priya,Gupta,priya.gupta746@mail.com,Bengaluru,56,9769156716,2026-07-08,Silver
Arjun,Patel,arjun.patel747@mail.com,Bengaluru,51,9980271487,2026-03-17,Silver
Kiran,Kumar,kiran.kumar748@mail.com,Pune,60,9833321160,2026-02-13,Silver
Priya,Iyer,priya.iyer749@mail.com,Hyderabad,32,9471287153,2026-02-11,Silver
Arjun,Kumar,arjun.kumar750@mail.com,Hyderabad,42,9686334141,2026-05-28,Silver
Vivaan,Nair,vivaan.nair751@mail.com,Mumbai,30,9195256904,2026-01-29,Silver
Arjun,Das,arjun.das752@mail.com,Bengaluru,42,9655289931,2026-01-16,Silver
Aarav,Das,aarav.das753@mail.com,Pune,38,9243772942,2026-04-12,Silver
Lakshmi,Sharma,lakshmi.sharma754@mail.com,Mumbai,38,9481497374,2026-07-11,Silver
Ananya,Sharma,ananya.sharma755@mail.com,Hyderabad,27,9330276420,2026-06-30,Silver
Ananya,Nair,ananya.nair756@mail.com,Pune,61,9756618443,2026-05-21,Silver
Meera,Iyer,meera.iyer757@mail.com,Chennai,26,9590472927,2026-06-29,Silver
Kiran,Singh,kiran.singh758@mail.com,Bengaluru,31,9330591266,2026-06-28,Silver
Aditya,Sharma,aditya.sharma759@mail.com,Chennai,40,9720185962,2026-06-23,Silver
Sneha,Iyer,sneha.iyer760@mail.com,Bengaluru,20,9136749261,2026-06-10,Silver
Lakshmi,Iyer,lakshmi.iyer761@mail.com,Hyderabad,58,9750111178,2026-04-29,Silver
Aarav,Joshi,aarav.joshi762@mail.com,Mumbai,54,9741926764,2026-02-27,Silver
Aditya,Kumar,aditya.kumar763@mail.com,Hyderabad,22,9826068887,2026-05-27,Silver
Meera,Joshi,meera.joshi764@mail.com,Mumbai,63,9131292087,2026-01-17,Silver
Vivaan,Sharma,vivaan.sharma765@mail.com,Bengaluru,54,9321840118,2026-03-22,Silver
Priya,Das,priya.das766@mail.com,Bengaluru,45,9034084872,2026-03-18,Silver
Kiran,Nair,kiran.nair767@mail.com,Mumbai,40,9988310303,2026-05-28,Silver
Rahul,Patel,rahul.patel768@mail.com,Bengaluru,56,9839542961,2026-02-06,Silver
Rahul,Singh,rahul.singh769@mail.com,Pune,59,9267146283,2026-05-21,Silver
Lakshmi,Singh,lakshmi.singh770@mail.com,Bengaluru,63,9598926256,2026-01-19,Silver
Aarav,Joshi,aarav.joshi771@mail.com,Bengaluru,22,9418186151,2026-04-08,Silver
Priya,Singh,priya.singh772@mail.com,Bengaluru,32,9401636112,2026-04-03,Silver
Sneha,Singh,sneha.singh773@mail.com,Mumbai,49,9185948491,2026-05-15,Silver
Aditya,Nair,aditya.nair774@mail.com,Pune,29,9588967924,2026-01-13,Silver
Lakshmi,Das,lakshmi.das775@mail.com,Bengaluru,60,9226940539,2026-01-03,Silver
Sneha,Gupta,sneha.gupta776@mail.com,Bengaluru,46,9578446834,2026-04-18,Silver
Vivaan,Singh,vivaan.singh777@mail.com,Pune,38,9111312901,2026-06-12,Silver
Rahul,Das,rahul.das778@mail.com,Pune,18,9682778816,2026-07-10,Silver
Arjun,Patel,arjun.patel779@mail.com,Chennai,63,9685389097,2026-01-04,Silver
Lakshmi,Das,lakshmi.das780@mail.com,Bengaluru,29,9152850676,2026-02-13,Silver
Priya,Kumar,priya.kumar781@mail.com,Hyderabad,61,9381447443,2026-02-13,Silver
Sneha,Joshi,sneha.joshi782@mail.com,Pune,31,9480797050,2026-01-01,Silver
Kiran,Nair,kiran.nair783@mail.com,Hyderabad,40,9105265016,2026-06-07,Silver
Sai,Kumar,sai.kumar784@mail.com,Mumbai,50,9261702437,2026-05-06,Silver
Priya,Singh,priya.singh785@mail.com,Hyderabad,45,9284177225,2026-04-12,Silver
Ananya,Sharma,ananya.sharma786@mail.com,Hyderabad,63,9313402665,2026-07-11,Silver
Aditya,Patel,aditya.patel787@mail.com,Pune,60,9416787256,2026-01-09,Silver
Sneha,Iyer,sneha.iyer788@mail.com,Bengaluru,25,9102258030,2026-05-09,Silver
Priya,Iyer,priya.iyer789@mail.com,Mumbai,65,9067447163,2026-06-23,Silver
Aditya,Das,aditya.das790@mail.com,Bengaluru,33,9414363718,2026-06-08,Silver
Aditya,Patel,aditya.patel791@mail.com,Mumbai,58,9231260432,2026-06-06,Silver
Aarav,Joshi,aarav.joshi792@mail.com,Bengaluru,23,9066843356,2026-04-20,Silver
Aarav,Das,aarav.das793@mail.com,Pune,59,9041454563,2026-05-03,Silver
Aarav,Reddy,aarav.reddy794@mail.com,Chennai,18,9053474916,2026-03-23,Silver
Rahul,Gupta,rahul.gupta795@mail.com,Hyderabad,39,9411082555,2026-02-17,Silver
Arjun,Das,arjun.das796@mail.com,Mumbai,41,9343961129,2026-07-10,Silver
Aarav,Joshi,aarav.joshi797@mail.com,Bengaluru,30,9711895473,2026-01-31,Silver
Sneha,Reddy,sneha.reddy798@mail.com,Chennai,26,9368485571,2026-05-17,Silver
Vivaan,Gupta,vivaan.gupta799@mail.com,Pune,51,9802942409,2026-04-22,Silver
Sneha,Patel,sneha.patel800@mail.com,Pune,49,9881278686,2026-01-16,Silver
Arjun,Singh,arjun.singh801@mail.com,Bengaluru,29,9029390878,2026-04-13,Silver
Sneha,Das,sneha.das802@mail.com,Hyderabad,37,9344812308,2026-07-01,Silver
Rahul,Sharma,rahul.sharma803@mail.com,Bengaluru,35,9240338105,2026-03-02,Silver
Arjun,Nair,arjun.nair804@mail.com,Hyderabad,23,9842694500,2026-06-11,Silver
Sai,Singh,sai.singh805@mail.com,Bengaluru,34,9089164983,2026-04-02,Silver
Sai,Nair,sai.nair806@mail.com,Hyderabad,31,9962736527,2026-04-24,Silver
Kiran,Reddy,kiran.reddy807@mail.com,Pune,29,9239724042,2026-01-24,Silver
Ananya,Joshi,ananya.joshi808@mail.com,Bengaluru,22,9216376182,2026-02-15,Silver
Aarav,Joshi,aarav.joshi809@mail.com,Chennai,42,9601002314,2026-07-06,Silver
Lakshmi,Joshi,lakshmi.joshi810@mail.com,Chennai,18,9185132797,2026-02-06,Silver
Rahul,Nair,rahul.nair811@mail.com,Pune,27,9308481001,2026-02-11,Silver
Rahul,Kumar,rahul.kumar812@mail.com,Mumbai,44,9203036625,2026-05-20,Silver
Rahul,Patel,rahul.patel813@mail.com,Pune,61,9172131451,2026-06-17,Silver
Priya,Kumar,priya.kumar814@mail.com,Hyderabad,23,9092268592,2026-06-07,Silver
Ananya,Reddy,ananya.reddy815@mail.com,Hyderabad,57,9451475410,2026-06-23,Silver
Lakshmi,Reddy,lakshmi.reddy816@mail.com,Hyderabad,27,9677119642,2026-02-08,Silver
Priya,Reddy,priya.reddy817@mail.com,Bengaluru,42,9557676952,2026-01-24,Silver
Sai,Iyer,sai.iyer818@mail.com,Pune,53,9788788361,2026-06-17,Silver
Sneha,Iyer,sneha.iyer819@mail.com,Mumbai,54,9313503058,2026-05-29,Silver
Aditya,Kumar,aditya.kumar820@mail.com,Chennai,40,9524728633,2026-05-02,Silver
Aarav,Reddy,aarav.reddy821@mail.com,Chennai,62,9260650191,2026-02-27,Silver
Arjun,Reddy,arjun.reddy822@mail.com,Chennai,27,9521310962,2026-05-03,Silver
Kiran,Reddy,kiran.reddy823@mail.com,Mumbai,62,9476570412,2026-02-16,Silver
Lakshmi,Sharma,lakshmi.sharma824@mail.com,Mumbai,29,9820667849,2026-01-16,Silver
Rahul,Patel,rahul.patel825@mail.com,Pune,28,9418623690,2026-05-09,Silver
Ananya,Reddy,ananya.reddy826@mail.com,Mumbai,56,9177566205,2026-02-26,Silver
Ananya,Patel,ananya.patel827@mail.com,Hyderabad,24,9115950342,2026-06-15,Silver
Vivaan,Kumar,vivaan.kumar828@mail.com,Bengaluru,56,9043830341,2026-05-19,Silver
Arjun,Sharma,arjun.sharma829@mail.com,Mumbai,48,9005140546,2026-05-26,Silver
Sai,Nair,sai.nair830@mail.com,Pune,64,9521568182,2026-05-09,Silver
Arjun,Iyer,arjun.iyer831@mail.com,Pune,55,9042271133,2026-01-07,Silver
Lakshmi,Reddy,lakshmi.reddy832@mail.com,Bengaluru,50,9898572545,2026-06-24,Silver
Ananya,Sharma,ananya.sharma833@mail.com,Pune,33,9399129710,2026-06-09,Silver
Rahul,Das,rahul.das834@mail.com,Chennai,49,9175242149,2026-02-06,Silver
Priya,Kumar,priya.kumar835@mail.com,Chennai,29,9747472197,2026-04-04,Silver
Priya,Singh,priya.singh836@mail.com,Pune,44,9927589551,2026-01-11,Silver
Ananya,Das,ananya.das837@mail.com,Pune,34,9090380214,2026-06-24,Silver
Aditya,Joshi,aditya.joshi838@mail.com,Pune,22,9367157787,2026-04-07,Silver
Vivaan,Reddy,vivaan.reddy839@mail.com,Chennai,43,9636515597,2026-01-28,Silver
Sneha,Gupta,sneha.gupta840@mail.com,Chennai,35,9708272359,2026-02-24,Silver
Arjun,Iyer,arjun.iyer841@mail.com,Chennai,41,9673030644,2026-01-09,Silver
Aditya,Kumar,aditya.kumar842@mail.com,Bengaluru,22,9461476834,2026-06-12,Silver
Aarav,Kumar,aarav.kumar843@mail.com,Pune,39,9423567782,2026-02-17,Silver
Ananya,Nair,ananya.nair844@mail.com,Mumbai,42,9089319925,2026-06-28,Silver
Sneha,Nair,sneha.nair845@mail.com,Chennai,27,9727516480,2026-06-20,Silver
Aditya,Gupta,aditya.gupta846@mail.com,Mumbai,24,9033682963,2026-04-26,Silver
Sai,Patel,sai.patel847@mail.com,Mumbai,18,9550448177,2026-03-31,Silver
Ananya,Nair,ananya.nair848@mail.com,Hyderabad,52,9685127652,2026-04-16,Silver
Arjun,Reddy,arjun.reddy849@mail.com,Mumbai,45,9646491111,2026-05-22,Silver
Aarav,Joshi,aarav.joshi850@mail.com,Pune,24,9798178904,2026-06-16,Silver
Sai,Patel,sai.patel851@mail.com,Pune,53,9613715766,2026-04-18,Silver
Priya,Patel,priya.patel852@mail.com,Mumbai,36,9444630600,2026-01-02,Silver
Aditya,Nair,aditya.nair853@mail.com,Mumbai,65,9955296386,2026-01-07,Silver
Arjun,Iyer,arjun.iyer854@mail.com,Chennai,54,9626265826,2026-02-19,Silver
Vivaan,Reddy,vivaan.reddy855@mail.com,Mumbai,25,9964825311,2026-03-01,Silver
Ananya,Sharma,ananya.sharma856@mail.com,Mumbai,27,9098196027,2026-01-07,Silver
Lakshmi,Nair,lakshmi.nair857@mail.com,Bengaluru,33,9343836404,2026-06-12,Silver
Aditya,Sharma,aditya.sharma858@mail.com,Mumbai,24,9179112442,2026-01-22,Silver
Vivaan,Gupta,vivaan.gupta859@mail.com,Hyderabad,31,9617061713,2026-01-24,Silver
Ananya,Iyer,ananya.iyer860@mail.com,Hyderabad,58,9722402990,2026-06-25,Silver
Priya,Nair,priya.nair861@mail.com,Pune,57,9980284139,2026-01-31,Silver
Meera,Sharma,meera.sharma862@mail.com,Mumbai,50,9235130523,2026-01-08,Silver
Sneha,Reddy,sneha.reddy863@mail.com,Hyderabad,35,9731584776,2026-01-22,Silver
Ananya,Patel,ananya.patel864@mail.com,Hyderabad,29,9346199423,2026-05-12,Silver
Kiran,Iyer,kiran.iyer865@mail.com,Pune,45,9945919663,2026-07-04,Silver
Priya,Nair,priya.nair866@mail.com,Chennai,46,9208496498,2026-05-26,Silver
Ananya,Sharma,ananya.sharma867@mail.com,Chennai,29,9562531355,2026-04-01,Silver
Priya,Kumar,priya.kumar868@mail.com,Chennai,38,9053795381,2026-02-07,Silver
Rahul,Joshi,rahul.joshi869@mail.com,Bengaluru,51,9318491966,2026-04-09,Silver
Priya,Patel,priya.patel870@mail.com,Bengaluru,21,9770461172,2026-03-23,Silver
Priya,Joshi,priya.joshi871@mail.com,Pune,33,9904090742,2026-06-03,Silver
Aarav,Das,aarav.das872@mail.com,Mumbai,20,9501716445,2026-04-14,Silver
Ananya,Kumar,ananya.kumar873@mail.com,Mumbai,38,9790647715,2026-03-30,Silver
Vivaan,Sharma,vivaan.sharma874@mail.com,Bengaluru,21,9021563213,2026-06-08,Silver
Priya,Das,priya.das875@mail.com,Chennai,62,9040104145,2026-07-05,Silver
Arjun,Iyer,arjun.iyer876@mail.com,Hyderabad,62,9229712529,2026-06-26,Silver
Lakshmi,Gupta,lakshmi.gupta877@mail.com,Chennai,51,9839774573,2026-04-16,Silver
Rahul,Singh,rahul.singh878@mail.com,Chennai,40,9833117030,2026-01-24,Silver
Sai,Gupta,sai.gupta879@mail.com,Pune,30,9715398854,2026-06-21,Silver
Kiran,Reddy,kiran.reddy880@mail.com,Mumbai,24,9235679836,2026-07-01,Silver
Vivaan,Singh,vivaan.singh881@mail.com,Pune,28,9491271130,2026-02-18,Silver
Aditya,Singh,aditya.singh882@mail.com,Chennai,48,9875418156,2026-04-28,Silver
Aditya,Iyer,aditya.iyer883@mail.com,Mumbai,45,9850745106,2026-02-24,Silver
Ananya,Patel,ananya.patel884@mail.com,Hyderabad,30,9629489786,2026-07-07,Silver
Lakshmi,Sharma,lakshmi.sharma885@mail.com,Bengaluru,25,9310094318,2026-01-28,Silver
Rahul,Patel,rahul.patel886@mail.com,Mumbai,62,9666134732,2026-01-26,Silver
Priya,Singh,priya.singh887@mail.com,Mumbai,36,9012897432,2026-02-22,Silver
Lakshmi,Kumar,lakshmi.kumar888@mail.com,Bengaluru,29,9572076502,2026-03-22,Silver
Vivaan,Reddy,vivaan.reddy889@mail.com,Chennai,56,9579073710,2026-03-09,Silver
Arjun,Singh,arjun.singh890@mail.com,Bengaluru,51,9822114577,2026-01-05,Silver
Priya,Das,priya.das891@mail.com,Hyderabad,60,9745705458,2026-07-08,Silver
Arjun,Gupta,arjun.gupta892@mail.com,Chennai,35,9802632570,2026-06-19,Silver
Arjun,Iyer,arjun.iyer893@mail.com,Hyderabad,31,9136148782,2026-03-04,Silver
Lakshmi,Nair,lakshmi.nair894@mail.com,Hyderabad,43,9964430985,2026-03-09,Silver
Vivaan,Iyer,vivaan.iyer895@mail.com,Pune,54,9541072728,2026-06-06,Silver
Arjun,Das,arjun.das896@mail.com,Bengaluru,37,9741407034,2026-03-16,Silver
Vivaan,Sharma,vivaan.sharma897@mail.com,Pune,37,9065004254,2026-06-01,Silver
Lakshmi,Das,lakshmi.das898@mail.com,Bengaluru,23,9423691430,2026-05-09,Silver
Priya,Patel,priya.patel899@mail.com,Pune,45,9614494296,2026-05-02,Silver
Priya,Joshi,priya.joshi900@mail.com,Bengaluru,61,9342683441,2026-06-23,Gold
Arjun,Gupta,arjun.gupta901@mail.com,Mumbai,29,9661287585,2026-03-18,Gold
Priya,Iyer,priya.iyer902@mail.com,Pune,44,9670806129,2026-04-30,Gold
Sai,Joshi,sai.joshi903@mail.com,Mumbai,41,9298940626,2026-03-19,Gold
Aarav,Gupta,aarav.gupta904@mail.com,Mumbai,47,9010415914,2026-06-21,Gold
Kiran,Nair,kiran.nair905@mail.com,Chennai,25,9980382872,2026-05-25,Gold
Lakshmi,Reddy,lakshmi.reddy906@mail.com,Hyderabad,58,9407931102,2026-02-27,Gold
Vivaan,Das,vivaan.das907@mail.com,Chennai,33,9317087601,2026-06-04,Gold
Ananya,Gupta,ananya.gupta908@mail.com,Bengaluru,33,9849791620,2026-03-18,Gold
Aditya,Patel,aditya.patel909@mail.com,Bengaluru,50,9837744197,2026-02-17,Gold
Lakshmi,Singh,lakshmi.singh910@mail.com,Pune,42,9176620471,2026-04-05,Gold
Ananya,Sharma,ananya.sharma911@mail.com,Mumbai,37,9097052774,2026-05-25,Gold
Aditya,Nair,aditya.nair912@mail.com,Mumbai,50,9358681225,2026-01-03,Gold
Sneha,Joshi,sneha.joshi913@mail.com,Hyderabad,47,9244617679,2026-06-17,Gold
Aditya,Joshi,aditya.joshi914@mail.com,Mumbai,60,9842599599,2026-06-18,Gold
Vivaan,Sharma,vivaan.sharma915@mail.com,Chennai,64,9231177533,2026-04-14,Gold
Aditya,Iyer,aditya.iyer916@mail.com,Pune,22,9094101759,2026-01-27,Gold
Aarav,Reddy,aarav.reddy917@mail.com,Hyderabad,24,9762983347,2026-06-11,Gold
Lakshmi,Singh,lakshmi.singh918@mail.com,Bengaluru,30,9268319013,2026-04-23,Gold
Aditya,Sharma,aditya.sharma919@mail.com,Hyderabad,44,9981528733,2026-01-09,Gold
Kiran,Das,kiran.das920@mail.com,Hyderabad,40,9982176619,2026-05-27,Gold
Aditya,Das,aditya.das921@mail.com,Hyderabad,24,9173098503,2026-01-21,Gold
Rahul,Iyer,rahul.iyer922@mail.com,Hyderabad,22,9241893898,2026-03-16,Gold
Ananya,Joshi,ananya.joshi923@mail.com,Chennai,52,9197400564,2026-03-21,Gold
Priya,Sharma,priya.sharma924@mail.com,Bengaluru,31,9850371990,2026-02-21,Gold
Vivaan,Iyer,vivaan.iyer925@mail.com,Mumbai,65,9918724010,2026-03-30,Gold
Meera,Patel,meera.patel926@mail.com,Hyderabad,45,9743000389,2026-05-08,Gold
Lakshmi,Sharma,lakshmi.sharma927@mail.com,Mumbai,48,9066266821,2026-04-08,Gold
Vivaan,Joshi,vivaan.joshi928@mail.com,Hyderabad,40,9356033190,2026-04-23,Gold
Ananya,Das,ananya.das929@mail.com,Mumbai,20,9030102724,2026-02-28,Gold
Priya,Nair,priya.nair930@mail.com,Mumbai,59,9342967111,2026-01-12,Gold
Meera,Patel,meera.patel931@mail.com,Pune,63,9537458438,2026-03-06,Gold
Priya,Das,priya.das932@mail.com,Mumbai,24,9056974132,2026-03-10,Gold
Sai,Singh,sai.singh933@mail.com,Mumbai,31,9152037710,2026-05-14,Gold
Aarav,Singh,aarav.singh934@mail.com,Hyderabad,55,9641049670,2026-05-08,Gold
Ananya,Gupta,ananya.gupta935@mail.com,Chennai,32,9362680408,2026-04-08,Gold
Aarav,Joshi,aarav.joshi936@mail.com,Hyderabad,34,9930596601,2026-03-31,Gold
Ananya,Singh,ananya.singh937@mail.com,Mumbai,47,9699842673,2026-05-22,Gold
Aarav,Singh,aarav.singh938@mail.com,Hyderabad,23,9384596094,2026-02-03,Gold
Rahul,Singh,rahul.singh939@mail.com,Mumbai,18,9149542770,2026-04-03,Gold
Aarav,Gupta,aarav.gupta940@mail.com,Chennai,40,9783609149,2026-04-23,Gold
Priya,Kumar,priya.kumar941@mail.com,Pune,29,9444723229,2026-05-22,Gold
Aarav,Patel,aarav.patel942@mail.com,Chennai,59,9028795083,2026-06-17,Gold
Sneha,Singh,sneha.singh943@mail.com,Hyderabad,19,9580935118,2026-01-16,Gold
Vivaan,Das,vivaan.das944@mail.com,Chennai,33,9359561642,2026-04-24,Gold
Priya,Joshi,priya.joshi945@mail.com,Hyderabad,39,9657490250,2026-01-07,Gold
Aditya,Joshi,aditya.joshi946@mail.com,Chennai,24,9935889536,2026-03-16,Gold
Aarav,Reddy,aarav.reddy947@mail.com,Pune,59,9113989868,2026-05-30,Gold
Vivaan,Das,vivaan.das948@mail.com,Chennai,56,9788754394,2026-07-07,Gold
Priya,Patel,priya.patel949@mail.com,Hyderabad,32,9751376515,2026-03-04,Gold
Meera,Kumar,meera.kumar950@mail.com,Hyderabad,59,9793763928,2026-05-24,Gold
Ananya,Joshi,ananya.joshi951@mail.com,Bengaluru,56,9445511668,2026-03-04,Gold
Arjun,Gupta,arjun.gupta952@mail.com,Bengaluru,29,9702164871,2026-02-07,Gold
Aarav,Iyer,aarav.iyer953@mail.com,Chennai,62,9212886652,2026-02-02,Gold
Sneha,Das,sneha.das954@mail.com,Bengaluru,63,9415599910,2026-04-13,Gold
Sneha,Nair,sneha.nair955@mail.com,Pune,44,9764722981,2026-01-19,Gold
Aarav,Joshi,aarav.joshi956@mail.com,Mumbai,41,9765728941,2026-02-08,Gold
Rahul,Gupta,rahul.gupta957@mail.com,Hyderabad,21,9988986456,2026-03-01,Gold
Aditya,Reddy,aditya.reddy958@mail.com,Chennai,65,9368499515,2026-03-23,Gold
Aditya,Kumar,aditya.kumar959@mail.com,Hyderabad,35,9773244913,2026-03-14,Gold
Rahul,Reddy,rahul.reddy960@mail.com,Chennai,31,9882090883,2026-06-20,Gold
Kiran,Sharma,kiran.sharma961@mail.com,Hyderabad,31,9496782741,2026-01-02,Gold
Sneha,Kumar,sneha.kumar962@mail.com,Pune,45,9741241513,2026-07-03,Gold
Vivaan,Nair,vivaan.nair963@mail.com,Bengaluru,50,9547815061,2026-07-06,Gold
Meera,Nair,meera.nair964@mail.com,Bengaluru,53,9003296334,2026-06-30,Gold
Aditya,Gupta,aditya.gupta965@mail.com,Bengaluru,64,9742318306,2026-05-01,Gold
Kiran,Das,kiran.das966@mail.com,Mumbai,31,9206496935,2026-01-18,Gold
Meera,Reddy,meera.reddy967@mail.com,Hyderabad,32,9477695874,2026-05-04,Gold
Sai,Kumar,sai.kumar968@mail.com,Hyderabad,44,9753612751,2026-01-25,Gold
Sneha,Iyer,sneha.iyer969@mail.com,Bengaluru,48,9796304483,2026-03-30,Gold
Aarav,Das,aarav.das970@mail.com,Hyderabad,34,9566766404,2026-04-15,Gold
Sneha,Patel,sneha.patel971@mail.com,Hyderabad,58,9047639283,2026-05-05,Gold
Vivaan,Joshi,vivaan.joshi972@mail.com,Mumbai,39,9298006155,2026-06-10,Gold
Vivaan,Sharma,vivaan.sharma973@mail.com,Mumbai,31,9583286342,2026-05-22,Gold
Priya,Iyer,priya.iyer974@mail.com,Bengaluru,53,9300081867,2026-04-06,Gold
Aditya,Singh,aditya.singh975@mail.com,Hyderabad,19,9330416624,2026-01-11,Gold
Vivaan,Kumar,vivaan.kumar976@mail.com,Mumbai,64,9600892196,2026-01-22,Gold
Arjun,Singh,arjun.singh977@mail.com,Hyderabad,45,9804473149,2026-02-19,Gold
Ananya,Singh,ananya.singh978@mail.com,Pune,23,9368474883,2026-05-01,Gold
Aarav,Gupta,aarav.gupta979@mail.com,Pune,41,9817390637,2026-04-08,Gold
Kiran,Joshi,kiran.joshi980@mail.com,Chennai,59,9452118237,2026-04-05,Gold
Sai,Kumar,sai.kumar981@mail.com,Bengaluru,43,9978930746,2026-06-01,Gold
Sneha,Nair,sneha.nair982@mail.com,Bengaluru,20,9599604387,2026-03-21,Gold
Kiran,Nair,kiran.nair983@mail.com,Bengaluru,38,9778811616,2026-05-20,Gold
Aarav,Reddy,aarav.reddy984@mail.com,Mumbai,65,9123710672,2026-02-02,Gold
Meera,Gupta,meera.gupta985@mail.com,Bengaluru,65,9866041644,2026-06-10,Gold
Priya,Joshi,priya.joshi986@mail.com,Hyderabad,54,9224839589,2026-05-14,Gold
Kiran,Gupta,kiran.gupta987@mail.com,Bengaluru,39,9228705622,2026-03-06,Gold
Vivaan,Sharma,vivaan.sharma988@mail.com,Hyderabad,62,9331875109,2026-05-01,Gold
Arjun,Reddy,arjun.reddy989@mail.com,Chennai,40,9835034469,2026-04-30,Gold
Rahul,Nair,rahul.nair990@mail.com,Mumbai,43,9488319213,2026-07-06,Gold
Aditya,Singh,aditya.singh991@mail.com,Mumbai,24,9289659994,2026-03-13,Gold
Arjun,Gupta,arjun.gupta992@mail.com,Bengaluru,28,9033192227,2026-07-08,Gold
Priya,Kumar,priya.kumar993@mail.com,Chennai,26,9876754813,2026-01-01,Gold
Ananya,Iyer,ananya.iyer994@mail.com,Pune,63,9754858193,2026-05-24,Gold
Lakshmi,Singh,lakshmi.singh995@mail.com,Bengaluru,45,9877418652,2026-02-12,Gold
Priya,Gupta,priya.gupta996@mail.com,Hyderabad,64,9639836520,2026-01-07,Gold
Kiran,Nair,kiran.nair997@mail.com,Mumbai,30,9094515480,2026-02-20,Gold
Rahul,Sharma,rahul.sharma998@mail.com,Hyderabad,59,9760440907,2026-06-05,Gold
Lakshmi,Gupta,lakshmi.gupta999@mail.com,Pune,29,9781050922,2026-06-05,Gold
